Datetime,Adj Close,Close,High,Low,Open,Volume
2024-12-11 05:00:00+00:00,,,,,,
2024-12-11 05:01:00+00:00,,,,,,
2024-12-11 05:02:00+00:00,,,,,,
2024-12-11 05:03:00+00:00,,,,,,
2024-12-11 05:04:00+00:00,,,,,,
2024-12-11 05:05:00+00:00,,,,,,
2024-12-11 05:06:00+00:00,,,,,,
2024-12-11 05:07:00+00:00,,,,,,
2024-12-11 05:08:00+00:00,,,,,,
2024-12-11 05:09:00+00:00,,,,,,
2024-12-11 05:10:00+00:00,,,,,,
2024-12-11 05:11:00+00:00,,,,,,
2024-12-11 05:12:00+00:00,,,,,,
2024-12-11 05:13:00+00:00,,,,,,
2024-12-11 05:14:00+00:00,,,,,,
2024-12-11 05:15:00+00:00,,,,,,
2024-12-11 05:16:00+00:00,,,,,,
2024-12-11 05:17:00+00:00,,,,,,
2024-12-11 05:18:00+00:00,,,,,,
2024-12-11 05:19:00+00:00,,,,,,
2024-12-11 05:20:00+00:00,,,,,,
2024-12-11 05:21:00+00:00,,,,,,
2024-12-11 05:22:00+00:00,,,,,,
2024-12-11 05:23:00+00:00,,,,,,
2024-12-11 05:24:00+00:00,,,,,,
2024-12-11 05:25:00+00:00,,,,,,
2024-12-11 05:26:00+00:00,,,,,,
2024-12-11 05:27:00+00:00,,,,,,
2024-12-11 05:28:00+00:00,,,,,,
2024-12-11 05:29:00+00:00,,,,,,
2024-12-11 05:30:00+00:00,,,,,,
2024-12-11 05:31:00+00:00,,,,,,
2024-12-11 05:32:00+00:00,,,,,,
2024-12-11 05:33:00+00:00,,,,,,
2024-12-11 05:34:00+00:00,,,,,,
2024-12-11 05:35:00+00:00,,,,,,
2024-12-11 05:36:00+00:00,,,,,,
2024-12-11 05:37:00+00:00,,,,,,
2024-12-11 05:38:00+00:00,,,,,,
2024-12-11 05:39:00+00:00,,,,,,
2024-12-11 05:40:00+00:00,,,,,,
2024-12-11 05:41:00+00:00,,,,,,
2024-12-11 05:42:00+00:00,,,,,,
2024-12-11 05:43:00+00:00,,,,,,
2024-12-11 05:44:00+00:00,,,,,,
2024-12-11 05:45:00+00:00,,,,,,
2024-12-11 05:46:00+00:00,,,,,,
2024-12-11 05:47:00+00:00,,,,,,
2024-12-11 05:48:00+00:00,,,,,,
2024-12-11 05:49:00+00:00,,,,,,
2024-12-11 05:50:00+00:00,,,,,,
2024-12-11 05:51:00+00:00,,,,,,
2024-12-11 05:52:00+00:00,,,,,,
2024-12-11 05:53:00+00:00,,,,,,
2024-12-11 05:54:00+00:00,,,,,,
2024-12-11 05:55:00+00:00,,,,,,
2024-12-11 05:56:00+00:00,,,,,,
2024-12-11 05:57:00+00:00,,,,,,
2024-12-11 05:58:00+00:00,,,,,,
2024-12-11 05:59:00+00:00,,,,,,
2024-12-11 06:00:00+00:00,,,,,,
2024-12-11 06:01:00+00:00,,,,,,
2024-12-11 06:02:00+00:00,,,,,,
2024-12-11 06:03:00+00:00,,,,,,
2024-12-11 06:04:00+00:00,,,,,,
2024-12-11 06:05:00+00:00,,,,,,
2024-12-11 06:06:00+00:00,,,,,,
2024-12-11 06:07:00+00:00,,,,,,
2024-12-11 06:08:00+00:00,,,,,,
2024-12-11 06:09:00+00:00,,,,,,
2024-12-11 06:10:00+00:00,,,,,,
2024-12-11 06:11:00+00:00,,,,,,
2024-12-11 06:12:00+00:00,,,,,,
2024-12-11 06:13:00+00:00,,,,,,
2024-12-11 06:14:00+00:00,,,,,,
2024-12-11 06:15:00+00:00,,,,,,
2024-12-11 06:16:00+00:00,,,,,,
2024-12-11 06:17:00+00:00,,,,,,
2024-12-11 06:18:00+00:00,,,,,,
2024-12-11 06:19:00+00:00,,,,,,
2024-12-11 06:20:00+00:00,,,,,,
2024-12-11 06:21:00+00:00,,,,,,
2024-12-11 06:22:00+00:00,,,,,,
2024-12-11 06:23:00+00:00,,,,,,
2024-12-11 06:24:00+00:00,,,,,,
2024-12-11 06:25:00+00:00,,,,,,
2024-12-11 06:26:00+00:00,,,,,,
2024-12-11 06:27:00+00:00,,,,,,
2024-12-11 06:28:00+00:00,,,,,,
2024-12-11 06:29:00+00:00,,,,,,
2024-12-11 06:30:00+00:00,,,,,,
2024-12-11 06:31:00+00:00,,,,,,
2024-12-11 06:32:00+00:00,,,,,,
2024-12-11 06:33:00+00:00,,,,,,
2024-12-11 06:34:00+00:00,,,,,,
2024-12-11 06:35:00+00:00,,,,,,
2024-12-11 06:36:00+00:00,,,,,,
2024-12-11 06:37:00+00:00,,,,,,
2024-12-11 06:38:00+00:00,,,,,,
2024-12-11 06:39:00+00:00,,,,,,
2024-12-11 06:40:00+00:00,,,,,,
2024-12-11 06:41:00+00:00,,,,,,
2024-12-11 06:42:00+00:00,,,,,,
2024-12-11 06:43:00+00:00,,,,,,
2024-12-11 06:44:00+00:00,,,,,,
2024-12-11 06:45:00+00:00,,,,,,
2024-12-11 06:46:00+00:00,,,,,,
2024-12-11 06:47:00+00:00,,,,,,
2024-12-11 06:48:00+00:00,,,,,,
2024-12-11 06:49:00+00:00,,,,,,
2024-12-11 06:50:00+00:00,,,,,,
2024-12-11 06:51:00+00:00,,,,,,
2024-12-11 06:52:00+00:00,,,,,,
2024-12-11 06:53:00+00:00,,,,,,
2024-12-11 06:54:00+00:00,,,,,,
2024-12-11 06:55:00+00:00,,,,,,
2024-12-11 06:56:00+00:00,,,,,,
2024-12-11 06:57:00+00:00,,,,,,
2024-12-11 06:58:00+00:00,,,,,,
2024-12-11 06:59:00+00:00,,,,,,
2024-12-11 07:00:00+00:00,,,,,,
2024-12-11 07:01:00+00:00,,,,,,
2024-12-11 07:02:00+00:00,,,,,,
2024-12-11 07:03:00+00:00,,,,,,
2024-12-11 07:04:00+00:00,,,,,,
2024-12-11 07:05:00+00:00,,,,,,
2024-12-11 07:06:00+00:00,,,,,,
2024-12-11 07:07:00+00:00,,,,,,
2024-12-11 07:08:00+00:00,,,,,,
2024-12-11 07:09:00+00:00,,,,,,
2024-12-11 07:10:00+00:00,,,,,,
2024-12-11 07:11:00+00:00,,,,,,
2024-12-11 07:12:00+00:00,,,,,,
2024-12-11 07:13:00+00:00,,,,,,
2024-12-11 07:14:00+00:00,,,,,,
2024-12-11 07:15:00+00:00,,,,,,
2024-12-11 07:16:00+00:00,,,,,,
2024-12-11 07:17:00+00:00,,,,,,
2024-12-11 07:18:00+00:00,,,,,,
2024-12-11 07:19:00+00:00,,,,,,
2024-12-11 07:20:00+00:00,,,,,,
2024-12-11 07:21:00+00:00,,,,,,
2024-12-11 07:22:00+00:00,,,,,,
2024-12-11 07:23:00+00:00,,,,,,
2024-12-11 07:24:00+00:00,,,,,,
2024-12-11 07:25:00+00:00,,,,,,
2024-12-11 07:26:00+00:00,,,,,,
2024-12-11 07:27:00+00:00,,,,,,
2024-12-11 07:28:00+00:00,,,,,,
2024-12-11 07:29:00+00:00,,,,,,
2024-12-11 07:30:00+00:00,,,,,,
2024-12-11 07:31:00+00:00,,,,,,
2024-12-11 07:32:00+00:00,,,,,,
2024-12-11 07:33:00+00:00,,,,,,
2024-12-11 07:34:00+00:00,,,,,,
2024-12-11 07:35:00+00:00,,,,,,
2024-12-11 07:36:00+00:00,,,,,,
2024-12-11 07:37:00+00:00,,,,,,
2024-12-11 07:38:00+00:00,,,,,,
2024-12-11 07:39:00+00:00,,,,,,
2024-12-11 07:40:00+00:00,,,,,,
2024-12-11 07:41:00+00:00,,,,,,
2024-12-11 07:42:00+00:00,,,,,,
2024-12-11 07:43:00+00:00,,,,,,
2024-12-11 07:44:00+00:00,,,,,,
2024-12-11 07:45:00+00:00,,,,,,
2024-12-11 07:46:00+00:00,,,,,,
2024-12-11 07:47:00+00:00,,,,,,
2024-12-11 07:48:00+00:00,,,,,,
2024-12-11 07:49:00+00:00,,,,,,
2024-12-11 07:50:00+00:00,,,,,,
2024-12-11 07:51:00+00:00,,,,,,
2024-12-11 07:52:00+00:00,,,,,,
2024-12-11 07:53:00+00:00,,,,,,
2024-12-11 07:54:00+00:00,,,,,,
2024-12-11 07:55:00+00:00,,,,,,
2024-12-11 07:56:00+00:00,,,,,,
2024-12-11 07:57:00+00:00,,,,,,
2024-12-11 07:58:00+00:00,,,,,,
2024-12-11 07:59:00+00:00,,,,,,
2024-12-11 08:00:00+00:00,,,,,,
2024-12-11 08:01:00+00:00,,,,,,
2024-12-11 08:02:00+00:00,,,,,,
2024-12-11 08:03:00+00:00,,,,,,
2024-12-11 08:04:00+00:00,,,,,,
2024-12-11 08:05:00+00:00,,,,,,
2024-12-11 08:06:00+00:00,,,,,,
2024-12-11 08:07:00+00:00,,,,,,
2024-12-11 08:08:00+00:00,,,,,,
2024-12-11 08:09:00+00:00,,,,,,
2024-12-11 08:10:00+00:00,,,,,,
2024-12-11 08:11:00+00:00,,,,,,
2024-12-11 08:12:00+00:00,,,,,,
2024-12-11 08:13:00+00:00,,,,,,
2024-12-11 08:14:00+00:00,,,,,,
2024-12-11 08:15:00+00:00,,,,,,
2024-12-11 08:16:00+00:00,,,,,,
2024-12-11 08:17:00+00:00,,,,,,
2024-12-11 08:18:00+00:00,,,,,,
2024-12-11 08:19:00+00:00,,,,,,
2024-12-11 08:20:00+00:00,,,,,,
2024-12-11 08:21:00+00:00,,,,,,
2024-12-11 08:22:00+00:00,,,,,,
2024-12-11 08:23:00+00:00,,,,,,
2024-12-11 08:24:00+00:00,,,,,,
2024-12-11 08:25:00+00:00,,,,,,
2024-12-11 08:26:00+00:00,,,,,,
2024-12-11 08:27:00+00:00,,,,,,
2024-12-11 08:28:00+00:00,,,,,,
2024-12-11 08:29:00+00:00,,,,,,
2024-12-11 08:30:00+00:00,,,,,,
2024-12-11 08:31:00+00:00,,,,,,
2024-12-11 08:32:00+00:00,,,,,,
2024-12-11 08:33:00+00:00,,,,,,
2024-12-11 08:34:00+00:00,,,,,,
2024-12-11 08:35:00+00:00,,,,,,
2024-12-11 08:36:00+00:00,,,,,,
2024-12-11 08:37:00+00:00,,,,,,
2024-12-11 08:38:00+00:00,,,,,,
2024-12-11 08:39:00+00:00,,,,,,
2024-12-11 08:40:00+00:00,,,,,,
2024-12-11 08:41:00+00:00,,,,,,
2024-12-11 08:42:00+00:00,,,,,,
2024-12-11 08:43:00+00:00,,,,,,
2024-12-11 08:44:00+00:00,,,,,,
2024-12-11 08:45:00+00:00,,,,,,
2024-12-11 08:46:00+00:00,,,,,,
2024-12-11 08:47:00+00:00,,,,,,
2024-12-11 08:48:00+00:00,,,,,,
2024-12-11 08:49:00+00:00,,,,,,
2024-12-11 08:50:00+00:00,,,,,,
2024-12-11 08:51:00+00:00,,,,,,
2024-12-11 08:52:00+00:00,,,,,,
2024-12-11 08:53:00+00:00,,,,,,
2024-12-11 08:54:00+00:00,,,,,,
2024-12-11 08:55:00+00:00,,,,,,
2024-12-11 08:56:00+00:00,,,,,,
2024-12-11 08:57:00+00:00,,,,,,
2024-12-11 08:58:00+00:00,,,,,,
2024-12-11 08:59:00+00:00,,,,,,
2024-12-11 09:00:00+00:00,,,,,,
2024-12-11 09:01:00+00:00,,,,,,
2024-12-11 09:02:00+00:00,,,,,,
2024-12-11 09:03:00+00:00,,,,,,
2024-12-11 09:04:00+00:00,,,,,,
2024-12-11 09:05:00+00:00,,,,,,
2024-12-11 09:06:00+00:00,,,,,,
2024-12-11 09:07:00+00:00,,,,,,
2024-12-11 09:08:00+00:00,,,,,,
2024-12-11 09:09:00+00:00,,,,,,
2024-12-11 09:10:00+00:00,,,,,,
2024-12-11 09:11:00+00:00,,,,,,
2024-12-11 09:12:00+00:00,,,,,,
2024-12-11 09:13:00+00:00,,,,,,
2024-12-11 09:14:00+00:00,,,,,,
2024-12-11 09:15:00+00:00,,,,,,
2024-12-11 09:16:00+00:00,,,,,,
2024-12-11 09:17:00+00:00,,,,,,
2024-12-11 09:18:00+00:00,,,,,,
2024-12-11 09:19:00+00:00,,,,,,
2024-12-11 09:20:00+00:00,,,,,,
2024-12-11 09:21:00+00:00,,,,,,
2024-12-11 09:22:00+00:00,,,,,,
2024-12-11 09:23:00+00:00,,,,,,
2024-12-11 09:24:00+00:00,,,,,,
2024-12-11 09:25:00+00:00,,,,,,
2024-12-11 09:26:00+00:00,,,,,,
2024-12-11 09:27:00+00:00,,,,,,
2024-12-11 09:28:00+00:00,,,,,,
2024-12-11 09:29:00+00:00,,,,,,
2024-12-11 09:30:00+00:00,,,,,,
2024-12-11 09:31:00+00:00,,,,,,
2024-12-11 09:32:00+00:00,,,,,,
2024-12-11 09:33:00+00:00,,,,,,
2024-12-11 09:34:00+00:00,,,,,,
2024-12-11 09:35:00+00:00,,,,,,
2024-12-11 09:36:00+00:00,,,,,,
2024-12-11 09:37:00+00:00,,,,,,
2024-12-11 09:38:00+00:00,,,,,,
2024-12-11 09:39:00+00:00,,,,,,
2024-12-11 09:40:00+00:00,,,,,,
2024-12-11 09:41:00+00:00,,,,,,
2024-12-11 09:42:00+00:00,,,,,,
2024-12-11 09:43:00+00:00,,,,,,
2024-12-11 09:44:00+00:00,,,,,,
2024-12-11 09:45:00+00:00,,,,,,
2024-12-11 09:46:00+00:00,,,,,,
2024-12-11 09:47:00+00:00,,,,,,
2024-12-11 09:48:00+00:00,,,,,,
2024-12-11 09:49:00+00:00,,,,,,
2024-12-11 09:50:00+00:00,,,,,,
2024-12-11 09:51:00+00:00,,,,,,
2024-12-11 09:52:00+00:00,,,,,,
2024-12-11 09:53:00+00:00,,,,,,
2024-12-11 09:54:00+00:00,,,,,,
2024-12-11 09:55:00+00:00,,,,,,
2024-12-11 09:56:00+00:00,,,,,,
2024-12-11 09:57:00+00:00,,,,,,
2024-12-11 09:58:00+00:00,,,,,,
2024-12-11 09:59:00+00:00,,,,,,
2024-12-11 10:00:00+00:00,,,,,,
2024-12-11 10:01:00+00:00,,,,,,
2024-12-11 10:02:00+00:00,,,,,,
2024-12-11 10:03:00+00:00,,,,,,
2024-12-11 10:04:00+00:00,,,,,,
2024-12-11 10:05:00+00:00,,,,,,
2024-12-11 10:06:00+00:00,,,,,,
2024-12-11 10:07:00+00:00,,,,,,
2024-12-11 10:08:00+00:00,,,,,,
2024-12-11 10:09:00+00:00,,,,,,
2024-12-11 10:10:00+00:00,,,,,,
2024-12-11 10:11:00+00:00,,,,,,
2024-12-11 10:12:00+00:00,,,,,,
2024-12-11 10:13:00+00:00,,,,,,
2024-12-11 10:14:00+00:00,,,,,,
2024-12-11 10:15:00+00:00,,,,,,
2024-12-11 10:16:00+00:00,,,,,,
2024-12-11 10:17:00+00:00,,,,,,
2024-12-11 10:18:00+00:00,,,,,,
2024-12-11 10:19:00+00:00,,,,,,
2024-12-11 10:20:00+00:00,,,,,,
2024-12-11 10:21:00+00:00,,,,,,
2024-12-11 10:22:00+00:00,,,,,,
2024-12-11 10:23:00+00:00,,,,,,
2024-12-11 10:24:00+00:00,,,,,,
2024-12-11 10:25:00+00:00,,,,,,
2024-12-11 10:26:00+00:00,,,,,,
2024-12-11 10:27:00+00:00,,,,,,
2024-12-11 10:28:00+00:00,,,,,,
2024-12-11 10:29:00+00:00,,,,,,
2024-12-11 10:30:00+00:00,,,,,,
2024-12-11 10:31:00+00:00,,,,,,
2024-12-11 10:32:00+00:00,,,,,,
2024-12-11 10:33:00+00:00,,,,,,
2024-12-11 10:34:00+00:00,,,,,,
2024-12-11 10:35:00+00:00,,,,,,
2024-12-11 10:36:00+00:00,,,,,,
2024-12-11 10:37:00+00:00,,,,,,
2024-12-11 10:38:00+00:00,,,,,,
2024-12-11 10:39:00+00:00,,,,,,
2024-12-11 10:40:00+00:00,,,,,,
2024-12-11 10:41:00+00:00,,,,,,
2024-12-11 10:42:00+00:00,,,,,,
2024-12-11 10:43:00+00:00,,,,,,
2024-12-11 10:44:00+00:00,,,,,,
2024-12-11 10:45:00+00:00,,,,,,
2024-12-11 10:46:00+00:00,,,,,,
2024-12-11 10:47:00+00:00,,,,,,
2024-12-11 10:48:00+00:00,,,,,,
2024-12-11 10:49:00+00:00,,,,,,
2024-12-11 10:50:00+00:00,,,,,,
2024-12-11 10:51:00+00:00,,,,,,
2024-12-11 10:52:00+00:00,,,,,,
2024-12-11 10:53:00+00:00,,,,,,
2024-12-11 10:54:00+00:00,,,,,,
2024-12-11 10:55:00+00:00,,,,,,
2024-12-11 10:56:00+00:00,,,,,,
2024-12-11 10:57:00+00:00,,,,,,
2024-12-11 10:58:00+00:00,,,,,,
2024-12-11 10:59:00+00:00,,,,,,
2024-12-11 11:00:00+00:00,,,,,,
2024-12-11 11:01:00+00:00,,,,,,
2024-12-11 11:02:00+00:00,,,,,,
2024-12-11 11:03:00+00:00,,,,,,
2024-12-11 11:04:00+00:00,,,,,,
2024-12-11 11:05:00+00:00,,,,,,
2024-12-11 11:06:00+00:00,,,,,,
2024-12-11 11:07:00+00:00,,,,,,
2024-12-11 11:08:00+00:00,,,,,,
2024-12-11 11:09:00+00:00,,,,,,
2024-12-11 11:10:00+00:00,,,,,,
2024-12-11 11:11:00+00:00,,,,,,
2024-12-11 11:12:00+00:00,,,,,,
2024-12-11 11:13:00+00:00,,,,,,
2024-12-11 11:14:00+00:00,,,,,,
2024-12-11 11:15:00+00:00,,,,,,
2024-12-11 11:16:00+00:00,,,,,,
2024-12-11 11:17:00+00:00,,,,,,
2024-12-11 11:18:00+00:00,,,,,,
2024-12-11 11:19:00+00:00,,,,,,
2024-12-11 11:20:00+00:00,,,,,,
2024-12-11 11:21:00+00:00,,,,,,
2024-12-11 11:22:00+00:00,,,,,,
2024-12-11 11:23:00+00:00,,,,,,
2024-12-11 11:24:00+00:00,,,,,,
2024-12-11 11:25:00+00:00,,,,,,
2024-12-11 11:26:00+00:00,,,,,,
2024-12-11 11:27:00+00:00,,,,,,
2024-12-11 11:28:00+00:00,,,,,,
2024-12-11 11:29:00+00:00,,,,,,
2024-12-11 11:30:00+00:00,,,,,,
2024-12-11 11:31:00+00:00,,,,,,
2024-12-11 11:32:00+00:00,,,,,,
2024-12-11 11:33:00+00:00,,,,,,
2024-12-11 11:34:00+00:00,,,,,,
2024-12-11 11:35:00+00:00,,,,,,
2024-12-11 11:36:00+00:00,,,,,,
2024-12-11 11:37:00+00:00,,,,,,
2024-12-11 11:38:00+00:00,,,,,,
2024-12-11 11:39:00+00:00,,,,,,
2024-12-11 11:40:00+00:00,,,,,,
2024-12-11 11:41:00+00:00,,,,,,
2024-12-11 11:42:00+00:00,,,,,,
2024-12-11 11:43:00+00:00,,,,,,
2024-12-11 11:44:00+00:00,,,,,,
2024-12-11 11:45:00+00:00,,,,,,
2024-12-11 11:46:00+00:00,,,,,,
2024-12-11 11:47:00+00:00,,,,,,
2024-12-11 11:48:00+00:00,,,,,,
2024-12-11 11:49:00+00:00,,,,,,
2024-12-11 11:50:00+00:00,,,,,,
2024-12-11 11:51:00+00:00,,,,,,
2024-12-11 11:52:00+00:00,,,,,,
2024-12-11 11:53:00+00:00,,,,,,
2024-12-11 11:54:00+00:00,,,,,,
2024-12-11 11:55:00+00:00,,,,,,
2024-12-11 11:56:00+00:00,,,,,,
2024-12-11 11:57:00+00:00,,,,,,
2024-12-11 11:58:00+00:00,,,,,,
2024-12-11 11:59:00+00:00,,,,,,
2024-12-11 12:00:00+00:00,,,,,,
2024-12-11 12:01:00+00:00,,,,,,
2024-12-11 12:02:00+00:00,,,,,,
2024-12-11 12:03:00+00:00,,,,,,
2024-12-11 12:04:00+00:00,,,,,,
2024-12-11 12:05:00+00:00,,,,,,
2024-12-11 12:06:00+00:00,,,,,,
2024-12-11 12:07:00+00:00,,,,,,
2024-12-11 12:08:00+00:00,,,,,,
2024-12-11 12:09:00+00:00,,,,,,
2024-12-11 12:10:00+00:00,,,,,,
2024-12-11 12:11:00+00:00,,,,,,
2024-12-11 12:12:00+00:00,,,,,,
2024-12-11 12:13:00+00:00,,,,,,
2024-12-11 12:14:00+00:00,,,,,,
2024-12-11 12:15:00+00:00,,,,,,
2024-12-11 12:16:00+00:00,,,,,,
2024-12-11 12:17:00+00:00,,,,,,
2024-12-11 12:18:00+00:00,,,,,,
2024-12-11 12:19:00+00:00,,,,,,
2024-12-11 12:20:00+00:00,,,,,,
2024-12-11 12:21:00+00:00,,,,,,
2024-12-11 12:22:00+00:00,,,,,,
2024-12-11 12:23:00+00:00,,,,,,
2024-12-11 12:24:00+00:00,,,,,,
2024-12-11 12:25:00+00:00,,,,,,
2024-12-11 12:26:00+00:00,,,,,,
2024-12-11 12:27:00+00:00,,,,,,
2024-12-11 12:28:00+00:00,,,,,,
2024-12-11 12:29:00+00:00,,,,,,
2024-12-11 12:30:00+00:00,,,,,,
2024-12-11 12:31:00+00:00,,,,,,
2024-12-11 12:32:00+00:00,,,,,,
2024-12-11 12:33:00+00:00,,,,,,
2024-12-11 12:34:00+00:00,,,,,,
2024-12-11 12:35:00+00:00,,,,,,
2024-12-11 12:36:00+00:00,,,,,,
2024-12-11 12:37:00+00:00,,,,,,
2024-12-11 12:38:00+00:00,,,,,,
2024-12-11 12:39:00+00:00,,,,,,
2024-12-11 12:40:00+00:00,,,,,,
2024-12-11 12:41:00+00:00,,,,,,
2024-12-11 12:42:00+00:00,,,,,,
2024-12-11 12:43:00+00:00,,,,,,
2024-12-11 12:44:00+00:00,,,,,,
2024-12-11 12:45:00+00:00,,,,,,
2024-12-11 12:46:00+00:00,,,,,,
2024-12-11 12:47:00+00:00,,,,,,
2024-12-11 12:48:00+00:00,,,,,,
2024-12-11 12:49:00+00:00,,,,,,
2024-12-11 12:50:00+00:00,,,,,,
2024-12-11 12:51:00+00:00,,,,,,
2024-12-11 12:52:00+00:00,,,,,,
2024-12-11 12:53:00+00:00,,,,,,
2024-12-11 12:54:00+00:00,,,,,,
2024-12-11 12:55:00+00:00,,,,,,
2024-12-11 12:56:00+00:00,,,,,,
2024-12-11 12:57:00+00:00,,,,,,
2024-12-11 12:58:00+00:00,,,,,,
2024-12-11 12:59:00+00:00,,,,,,
2024-12-11 13:00:00+00:00,,,,,,
2024-12-11 13:01:00+00:00,,,,,,
2024-12-11 13:02:00+00:00,,,,,,
2024-12-11 13:03:00+00:00,,,,,,
2024-12-11 13:04:00+00:00,,,,,,
2024-12-11 13:05:00+00:00,,,,,,
2024-12-11 13:06:00+00:00,,,,,,
2024-12-11 13:07:00+00:00,,,,,,
2024-12-11 13:08:00+00:00,,,,,,
2024-12-11 13:09:00+00:00,,,,,,
2024-12-11 13:10:00+00:00,,,,,,
2024-12-11 13:11:00+00:00,,,,,,
2024-12-11 13:12:00+00:00,,,,,,
2024-12-11 13:13:00+00:00,,,,,,
2024-12-11 13:14:00+00:00,,,,,,
2024-12-11 13:15:00+00:00,,,,,,
2024-12-11 13:16:00+00:00,,,,,,
2024-12-11 13:17:00+00:00,,,,,,
2024-12-11 13:18:00+00:00,,,,,,
2024-12-11 13:19:00+00:00,,,,,,
2024-12-11 13:20:00+00:00,,,,,,
2024-12-11 13:21:00+00:00,,,,,,
2024-12-11 13:22:00+00:00,,,,,,
2024-12-11 13:23:00+00:00,,,,,,
2024-12-11 13:24:00+00:00,,,,,,
2024-12-11 13:25:00+00:00,,,,,,
2024-12-11 13:26:00+00:00,,,,,,
2024-12-11 13:27:00+00:00,,,,,,
2024-12-11 13:28:00+00:00,,,,,,
2024-12-11 13:29:00+00:00,,,,,,
2024-12-11 13:30:00+00:00,,,,,,
2024-12-11 13:31:00+00:00,,,,,,
2024-12-11 13:32:00+00:00,,,,,,
2024-12-11 13:33:00+00:00,,,,,,
2024-12-11 13:34:00+00:00,,,,,,
2024-12-11 13:35:00+00:00,,,,,,
2024-12-11 13:36:00+00:00,,,,,,
2024-12-11 13:37:00+00:00,,,,,,
2024-12-11 13:38:00+00:00,,,,,,
2024-12-11 13:39:00+00:00,,,,,,
2024-12-11 13:40:00+00:00,,,,,,
2024-12-11 13:41:00+00:00,,,,,,
2024-12-11 13:42:00+00:00,,,,,,
2024-12-11 13:43:00+00:00,,,,,,
2024-12-11 13:44:00+00:00,,,,,,
2024-12-11 13:45:00+00:00,,,,,,
2024-12-11 13:46:00+00:00,,,,,,
2024-12-11 13:47:00+00:00,,,,,,
2024-12-11 13:48:00+00:00,,,,,,
2024-12-11 13:49:00+00:00,,,,,,
2024-12-11 13:50:00+00:00,,,,,,
2024-12-11 13:51:00+00:00,,,,,,
2024-12-11 13:52:00+00:00,,,,,,
2024-12-11 13:53:00+00:00,,,,,,
2024-12-11 13:54:00+00:00,,,,,,
2024-12-11 13:55:00+00:00,,,,,,
2024-12-11 13:56:00+00:00,,,,,,
2024-12-11 13:57:00+00:00,,,,,,
2024-12-11 13:58:00+00:00,,,,,,
2024-12-11 13:59:00+00:00,,,,,,
2024-12-11 14:00:00+00:00,,,,,,
2024-12-11 14:01:00+00:00,,,,,,
2024-12-11 14:02:00+00:00,,,,,,
2024-12-11 14:03:00+00:00,,,,,,
2024-12-11 14:04:00+00:00,,,,,,
2024-12-11 14:05:00+00:00,,,,,,
2024-12-11 14:06:00+00:00,,,,,,
2024-12-11 14:07:00+00:00,,,,,,
2024-12-11 14:08:00+00:00,,,,,,
2024-12-11 14:09:00+00:00,,,,,,
2024-12-11 14:10:00+00:00,,,,,,
2024-12-11 14:11:00+00:00,,,,,,
2024-12-11 14:12:00+00:00,,,,,,
2024-12-11 14:13:00+00:00,,,,,,
2024-12-11 14:14:00+00:00,,,,,,
2024-12-11 14:15:00+00:00,,,,,,
2024-12-11 14:16:00+00:00,,,,,,
2024-12-11 14:17:00+00:00,,,,,,
2024-12-11 14:18:00+00:00,,,,,,
2024-12-11 14:19:00+00:00,,,,,,
2024-12-11 14:20:00+00:00,,,,,,
2024-12-11 14:21:00+00:00,,,,,,
2024-12-11 14:22:00+00:00,,,,,,
2024-12-11 14:23:00+00:00,,,,,,
2024-12-11 14:24:00+00:00,,,,,,
2024-12-11 14:25:00+00:00,,,,,,
2024-12-11 14:26:00+00:00,,,,,,
2024-12-11 14:27:00+00:00,,,,,,
2024-12-11 14:28:00+00:00,,,,,,
2024-12-11 14:29:00+00:00,,,,,,
2024-12-11 14:30:00+00:00,44313.421875,44313.421875,44348.3203125,44300.41015625,44300.41015625,0.0
2024-12-11 14:31:00+00:00,44351.53125,44351.53125,44361.80859375,44312.8984375,44316.66015625,2245098.0
2024-12-11 14:32:00+00:00,44366.75,44366.75,44376.1796875,44342.1796875,44348.28125,2204179.0
2024-12-11 14:33:00+00:00,44317.1015625,44317.1015625,44371.4296875,44308.76171875,44367.37109375,1880161.0
2024-12-11 14:34:00+00:00,44330.69921875,44330.69921875,44330.69921875,44306.53125,44314.109375,2085246.0
2024-12-11 14:35:00+00:00,44335.41015625,44335.41015625,44345.05078125,44318.28125,44331.55078125,2100168.0
2024-12-11 14:36:00+00:00,44320.140625,44320.140625,44342.78125,44315.73046875,44335.5,1932979.0
2024-12-11 14:37:00+00:00,44309.23046875,44309.23046875,44323.921875,44308.26171875,44322.421875,1603115.0
2024-12-11 14:38:00+00:00,44329.71875,44329.71875,44336.83984375,44310.53125,44310.53125,1864662.0
2024-12-11 14:39:00+00:00,44306.25,44306.25,44326.80859375,44303.30859375,44322.640625,1649597.0
2024-12-11 14:40:00+00:00,44307.26171875,44307.26171875,44318.55078125,44301.51953125,44305.5390625,1666504.0
2024-12-11 14:41:00+00:00,44291.1015625,44291.1015625,44304.390625,44288.51953125,44304.390625,1665053.0
2024-12-11 14:42:00+00:00,44319.12109375,44319.12109375,44319.12109375,44292.37890625,44292.37890625,1550148.0
2024-12-11 14:43:00+00:00,44318.12109375,44318.12109375,44324.21875,44310.30078125,44318.19140625,1413470.0
2024-12-11 14:44:00+00:00,44296.80078125,44296.80078125,44324.83984375,44291.80078125,44318.328125,1761785.0
2024-12-11 14:45:00+00:00,44299.828125,44299.828125,44303.2109375,44291.44140625,44298.55078125,1612273.0
2024-12-11 14:46:00+00:00,44291.6484375,44291.6484375,44316.76171875,44291.6484375,44304.83984375,1992737.0
2024-12-11 14:47:00+00:00,44291.640625,44291.640625,44306.3984375,44283.51953125,44295.7109375,1976264.0
2024-12-11 14:48:00+00:00,44280.08984375,44280.08984375,44298.01953125,44275.078125,44291.578125,1702975.0
2024-12-11 14:49:00+00:00,44265.48828125,44265.48828125,44279.5703125,44260.8984375,44279.5703125,1791237.0
2024-12-11 14:50:00+00:00,44253.671875,44253.671875,44278.96875,44245.76953125,44265.8515625,2308278.0
2024-12-11 14:51:00+00:00,44259.80078125,44259.80078125,44272.55859375,44254.66015625,44254.7109375,1503093.0
2024-12-11 14:52:00+00:00,44257.41015625,44257.41015625,44260.53125,44248.05078125,44259.55859375,1551085.0
2024-12-11 14:53:00+00:00,44245.26171875,44245.26171875,44258.25,44239.69140625,44257.5,1365730.0
2024-12-11 14:54:00+00:00,44238.421875,44238.421875,44248.5703125,44238.421875,44245.83984375,1114785.0
2024-12-11 14:55:00+00:00,44245.6015625,44245.6015625,44245.6015625,44235.46875,44238.1015625,1374326.0
2024-12-11 14:56:00+00:00,44225.28125,44225.28125,44250.3515625,44222.41015625,44247.23828125,1435526.0
2024-12-11 14:57:00+00:00,44215.6015625,44215.6015625,44231.890625,44210.76953125,44226.87890625,1288595.0
2024-12-11 14:58:00+00:00,44212.0390625,44212.0390625,44219.41015625,44206.421875,44216.23828125,1671671.0
2024-12-11 14:59:00+00:00,44198.98828125,44198.98828125,44220.171875,44194.328125,44214.1015625,1436032.0
2024-12-11 15:00:00+00:00,44182.078125,44182.078125,44200.30859375,44182.078125,44200.1484375,1417764.0
2024-12-11 15:01:00+00:00,44163.8515625,44163.8515625,44185.0,44159.55078125,44182.859375,1601054.0
2024-12-11 15:02:00+00:00,44172.08984375,44172.08984375,44181.30859375,44152.671875,44164.19921875,1741807.0
2024-12-11 15:03:00+00:00,44166.390625,44166.390625,44178.7890625,44164.3984375,44171.890625,1192072.0
2024-12-11 15:04:00+00:00,44189.390625,44189.390625,44191.91015625,44166.12109375,44166.12109375,1623461.0
2024-12-11 15:05:00+00:00,44200.62109375,44200.62109375,44207.2890625,44175.94140625,44186.96875,1342740.0
2024-12-11 15:06:00+00:00,44204.03125,44204.03125,44206.9296875,44197.828125,44197.828125,1036854.0
2024-12-11 15:07:00+00:00,44186.87890625,44186.87890625,44204.0390625,44186.421875,44204.0390625,1243406.0
2024-12-11 15:08:00+00:00,44190.94921875,44190.94921875,44192.37109375,44180.140625,44185.62890625,1092976.0
2024-12-11 15:09:00+00:00,44197.23046875,44197.23046875,44202.12890625,44190.46875,44190.46875,950844.0
2024-12-11 15:10:00+00:00,44220.05859375,44220.05859375,44223.94921875,44191.41015625,44197.91015625,1069850.0
2024-12-11 15:11:00+00:00,44239.48828125,44239.48828125,44243.0390625,44218.05078125,44219.26171875,967591.0
2024-12-11 15:12:00+00:00,44271.609375,44271.609375,44274.23046875,44234.62109375,44239.03125,1097261.0
2024-12-11 15:13:00+00:00,44245.21875,44245.21875,44272.80859375,44245.21875,44272.80859375,1042197.0
2024-12-11 15:14:00+00:00,44241.69140625,44241.69140625,44252.5390625,44241.23828125,44245.21875,1245406.0
2024-12-11 15:15:00+00:00,44223.19140625,44223.19140625,44242.421875,44219.25,44242.19140625,1166146.0
2024-12-11 15:16:00+00:00,44207.51953125,44207.51953125,44232.46875,44206.578125,44225.578125,1029999.0
2024-12-11 15:17:00+00:00,44226.5703125,44226.5703125,44226.5703125,44207.98828125,44210.62109375,811068.0
2024-12-11 15:18:00+00:00,44225.37109375,44225.37109375,44231.69140625,44215.41015625,44225.05859375,1065577.0
2024-12-11 15:19:00+00:00,44218.7890625,44218.7890625,44226.83984375,44215.96875,44224.1484375,873067.0
2024-12-11 15:20:00+00:00,44222.78125,44222.78125,44222.78125,44214.8984375,44217.8515625,917662.0
2024-12-11 15:21:00+00:00,44212.4609375,44212.4609375,44220.1015625,44204.58984375,44220.1015625,1212272.0
2024-12-11 15:22:00+00:00,44224.4609375,44224.4609375,44229.01171875,44214.71875,44214.71875,895697.0
2024-12-11 15:23:00+00:00,44242.44921875,44242.44921875,44243.859375,44222.23828125,44222.23828125,1327277.0
2024-12-11 15:24:00+00:00,44242.23828125,44242.23828125,44252.98046875,44240.73046875,44243.26171875,1147683.0
2024-12-11 15:25:00+00:00,44234.1484375,44234.1484375,44243.16015625,44229.390625,44240.6796875,937234.0
2024-12-11 15:26:00+00:00,44234.46875,44234.46875,44238.91015625,44228.05078125,44234.0,862398.0
2024-12-11 15:27:00+00:00,44242.55078125,44242.55078125,44245.8984375,44230.6796875,44234.671875,765770.0
2024-12-11 15:28:00+00:00,44261.44921875,44261.44921875,44261.53125,44244.51171875,44244.51171875,993943.0
2024-12-11 15:29:00+00:00,44258.921875,44258.921875,44260.75,44254.76953125,44260.75,1022748.0
2024-12-11 15:30:00+00:00,44245.58984375,44245.58984375,44261.26171875,44243.48828125,44258.98828125,1161870.0
2024-12-11 15:31:00+00:00,44249.73828125,44249.73828125,44251.2109375,44239.3515625,44245.76953125,786616.0
2024-12-11 15:32:00+00:00,44231.01953125,44231.01953125,44249.91015625,44226.62109375,44249.91015625,745372.0
2024-12-11 15:33:00+00:00,44235.94140625,44235.94140625,44245.4609375,44232.33984375,44232.33984375,959968.0
2024-12-11 15:34:00+00:00,44215.19140625,44215.19140625,44239.71875,44215.19140625,44235.12109375,1043346.0
2024-12-11 15:35:00+00:00,44222.0390625,44222.0390625,44222.0390625,44211.94140625,44215.2109375,913556.0
2024-12-11 15:36:00+00:00,44225.80078125,44225.80078125,44236.390625,44217.76171875,44221.8515625,721019.0
2024-12-11 15:37:00+00:00,44219.140625,44219.140625,44225.78125,44214.8515625,44222.75,949424.0
2024-12-11 15:38:00+00:00,44228.109375,44228.109375,44231.62109375,44212.6015625,44218.76171875,698647.0
2024-12-11 15:39:00+00:00,44227.55078125,44227.55078125,44234.75,44224.390625,44228.48046875,718268.0
2024-12-11 15:40:00+00:00,44239.2890625,44239.2890625,44242.3984375,44227.19140625,44227.19140625,1044305.0
2024-12-11 15:41:00+00:00,44238.37109375,44238.37109375,44239.62890625,44230.26171875,44238.8515625,1648903.0
2024-12-11 15:42:00+00:00,44249.80078125,44249.80078125,44250.23828125,44236.921875,44237.23046875,881458.0
2024-12-11 15:43:00+00:00,44245.03125,44245.03125,44250.83984375,44242.3984375,44250.3515625,1050892.0
2024-12-11 15:44:00+00:00,44248.5390625,44248.5390625,44249.98828125,44243.4296875,44243.8984375,875656.0
2024-12-11 15:45:00+00:00,44253.66015625,44253.66015625,44257.359375,44242.3515625,44248.66015625,833887.0
2024-12-11 15:46:00+00:00,44237.96875,44237.96875,44255.33984375,44235.26171875,44253.78125,756250.0
2024-12-11 15:47:00+00:00,44246.46875,44246.46875,44250.80078125,44237.37890625,44237.37890625,740050.0
2024-12-11 15:48:00+00:00,44262.25,44262.25,44262.25,44246.390625,44246.390625,780849.0
2024-12-11 15:49:00+00:00,44265.03125,44265.03125,44267.19921875,44259.44140625,44261.890625,564544.0
2024-12-11 15:50:00+00:00,44256.37109375,44256.37109375,44265.328125,44252.46875,44264.55078125,734357.0
2024-12-11 15:51:00+00:00,44262.98828125,44262.98828125,44265.03125,44254.26953125,44257.25,757098.0
2024-12-11 15:52:00+00:00,44249.73828125,44249.73828125,44264.21875,44243.48828125,44263.828125,1008503.0
2024-12-11 15:53:00+00:00,44250.2109375,44250.2109375,44255.46875,44246.62890625,44249.26171875,1116500.0
2024-12-11 15:54:00+00:00,44243.03125,44243.03125,44252.2890625,44238.83984375,44250.1484375,842190.0
2024-12-11 15:55:00+00:00,44228.4296875,44228.4296875,44246.109375,44226.48828125,44246.109375,720348.0
2024-12-11 15:56:00+00:00,44234.94921875,44234.94921875,44235.8203125,44222.98046875,44228.109375,900583.0
2024-12-11 15:57:00+00:00,44241.5390625,44241.5390625,44245.359375,44234.23828125,44234.5703125,760194.0
2024-12-11 15:58:00+00:00,44242.19140625,44242.19140625,44247.2109375,44238.05859375,44239.421875,1367778.0
2024-12-11 15:59:00+00:00,44219.859375,44219.859375,44245.078125,44219.28125,44242.75,1168458.0
2024-12-11 16:00:00+00:00,44209.171875,44209.171875,44222.9609375,44205.87109375,44219.12890625,992334.0
2024-12-11 16:01:00+00:00,44191.94140625,44191.94140625,44210.33984375,44191.73828125,44209.25,953172.0
2024-12-11 16:02:00+00:00,44202.76171875,44202.76171875,44203.48828125,44186.9296875,44193.08984375,795886.0
2024-12-11 16:03:00+00:00,44203.7109375,44203.7109375,44204.3984375,44196.9609375,44201.91015625,607435.0
2024-12-11 16:04:00+00:00,44196.859375,44196.859375,44207.01953125,44194.671875,44204.12109375,801502.0
2024-12-11 16:05:00+00:00,44197.96875,44197.96875,44206.0,44193.6484375,44197.140625,1552920.0
2024-12-11 16:06:00+00:00,44199.51953125,44199.51953125,44206.03125,44194.9609375,44198.26171875,1018135.0
2024-12-11 16:07:00+00:00,44191.87109375,44191.87109375,44200.62109375,44191.87109375,44199.80859375,831896.0
2024-12-11 16:08:00+00:00,44196.08984375,44196.08984375,44196.08984375,44188.51953125,44191.359375,803198.0
2024-12-11 16:09:00+00:00,44189.58984375,44189.58984375,44196.83984375,44187.44140625,44196.76171875,766428.0
2024-12-11 16:10:00+00:00,44194.01171875,44194.01171875,44194.16015625,44187.05859375,44189.01171875,1010849.0
2024-12-11 16:11:00+00:00,44207.69921875,44207.69921875,44209.37109375,44193.1796875,44194.01171875,900816.0
2024-12-11 16:12:00+00:00,44211.41015625,44211.41015625,44211.41015625,44200.05859375,44208.26953125,881503.0
2024-12-11 16:13:00+00:00,44215.9296875,44215.9296875,44217.69921875,44209.23828125,44211.37890625,867093.0
2024-12-11 16:14:00+00:00,44215.94921875,44215.94921875,44219.33984375,44213.16015625,44216.16015625,898298.0
2024-12-11 16:15:00+00:00,44227.3984375,44227.3984375,44227.9609375,44213.3203125,44217.48828125,887987.0
2024-12-11 16:16:00+00:00,44225.53125,44225.53125,44235.109375,44225.53125,44228.01171875,1048208.0
2024-12-11 16:17:00+00:00,44217.69140625,44217.69140625,44225.19921875,44217.69140625,44224.73828125,860338.0
2024-12-11 16:18:00+00:00,44232.94140625,44232.94140625,44234.0703125,44217.75,44217.75,671980.0
2024-12-11 16:19:00+00:00,44242.62890625,44242.62890625,44242.76171875,44231.4296875,44233.26171875,895658.0
2024-12-11 16:20:00+00:00,44242.16015625,44242.16015625,44251.1015625,44242.16015625,44244.2890625,589403.0
2024-12-11 16:21:00+00:00,44235.03125,44235.03125,44245.23828125,44234.69921875,44241.53125,571499.0
2024-12-11 16:22:00+00:00,44227.98046875,44227.98046875,44234.37109375,44227.0,44234.37109375,768116.0
2024-12-11 16:23:00+00:00,44234.62109375,44234.62109375,44234.75,44227.62890625,44227.62890625,826467.0
2024-12-11 16:24:00+00:00,44230.73828125,44230.73828125,44237.12109375,44227.578125,44235.171875,920709.0
2024-12-11 16:25:00+00:00,44238.53125,44238.53125,44239.98046875,44230.48828125,44230.94140625,746595.0
2024-12-11 16:26:00+00:00,44246.66015625,44246.66015625,44246.66015625,44237.890625,44237.890625,843976.0
2024-12-11 16:27:00+00:00,44244.44140625,44244.44140625,44245.37890625,44237.83984375,44245.16015625,712120.0
2024-12-11 16:28:00+00:00,44251.1015625,44251.1015625,44252.8515625,44238.76171875,44244.51953125,1144393.0
2024-12-11 16:29:00+00:00,44241.19921875,44241.19921875,44252.5,44240.078125,44250.66015625,1068860.0
2024-12-11 16:30:00+00:00,44243.94921875,44243.94921875,44249.1796875,44240.609375,44240.94921875,668701.0
2024-12-11 16:31:00+00:00,44246.51171875,44246.51171875,44252.69140625,44242.5,44243.91015625,557637.0
2024-12-11 16:32:00+00:00,44256.671875,44256.671875,44259.12109375,44245.6015625,44246.53125,706413.0
2024-12-11 16:33:00+00:00,44253.30859375,44253.30859375,44257.921875,44250.3203125,44256.6796875,653935.0
2024-12-11 16:34:00+00:00,44254.8984375,44254.8984375,44264.1484375,44252.26953125,44252.26953125,611552.0
2024-12-11 16:35:00+00:00,44271.3515625,44271.3515625,44271.3515625,44253.76171875,44254.71875,672248.0
2024-12-11 16:36:00+00:00,44269.578125,44269.578125,44271.921875,44266.69921875,44271.921875,873695.0
2024-12-11 16:37:00+00:00,44261.51171875,44261.51171875,44270.80859375,44260.3203125,44268.73046875,644221.0
2024-12-11 16:38:00+00:00,44275.03125,44275.03125,44275.30078125,44263.05078125,44263.05078125,803788.0
2024-12-11 16:39:00+00:00,44287.55859375,44287.55859375,44287.62109375,44274.75,44274.75,704200.0
2024-12-11 16:40:00+00:00,44300.69140625,44300.69140625,44304.7890625,44290.48046875,44290.48046875,818000.0
2024-12-11 16:41:00+00:00,44288.44140625,44288.44140625,44298.98828125,44285.94921875,44298.5,757851.0
2024-12-11 16:42:00+00:00,44299.3984375,44299.3984375,44299.69140625,44285.94140625,44288.53125,548794.0
2024-12-11 16:43:00+00:00,44316.87890625,44316.87890625,44316.87890625,44299.25,44299.26953125,668847.0
2024-12-11 16:44:00+00:00,44317.73046875,44317.73046875,44320.0390625,44308.4609375,44317.2109375,554560.0
2024-12-11 16:45:00+00:00,44311.0,44311.0,44321.53125,44310.98046875,44317.37890625,635570.0
2024-12-11 16:46:00+00:00,44301.01953125,44301.01953125,44314.16015625,44301.01953125,44312.578125,510132.0
2024-12-11 16:47:00+00:00,44304.48828125,44304.48828125,44304.87109375,44297.9296875,44301.859375,439622.0
2024-12-11 16:48:00+00:00,44301.19140625,44301.19140625,44308.66015625,44298.0,44305.69921875,763227.0
2024-12-11 16:49:00+00:00,44303.69921875,44303.69921875,44308.37109375,44300.33984375,44300.4296875,583897.0
2024-12-11 16:50:00+00:00,44304.578125,44304.578125,44307.01953125,44299.3203125,44304.87109375,848094.0
2024-12-11 16:51:00+00:00,44306.87109375,44306.87109375,44306.87109375,44300.7890625,44304.671875,757267.0
2024-12-11 16:52:00+00:00,44296.91015625,44296.91015625,44309.55859375,44295.4296875,44307.390625,652648.0
2024-12-11 16:53:00+00:00,44296.0703125,44296.0703125,44306.19140625,44294.26953125,44296.94921875,684863.0
2024-12-11 16:54:00+00:00,44288.87890625,44288.87890625,44295.69921875,44281.9296875,44295.6484375,598019.0
2024-12-11 16:55:00+00:00,44282.83984375,44282.83984375,44287.25,44281.83984375,44286.80859375,1292826.0
2024-12-11 16:56:00+00:00,44282.25,44282.25,44288.1796875,44281.30078125,44282.30859375,688896.0
2024-12-11 16:57:00+00:00,44276.8515625,44276.8515625,44284.16015625,44275.359375,44282.7109375,581827.0
2024-12-11 16:58:00+00:00,44284.41015625,44284.41015625,44292.55859375,44277.078125,44277.078125,999498.0
2024-12-11 16:59:00+00:00,44284.1484375,44284.1484375,44285.8515625,44278.109375,44284.73828125,993955.0
2024-12-11 17:00:00+00:00,44292.26953125,44292.26953125,44292.26953125,44281.26953125,44284.46875,1001704.0
2024-12-11 17:01:00+00:00,44292.890625,44292.890625,44294.55859375,44290.66015625,44292.44140625,995700.0
2024-12-11 17:02:00+00:00,44292.51953125,44292.51953125,44298.16015625,44291.890625,44293.6484375,833725.0
2024-12-11 17:03:00+00:00,44298.421875,44298.421875,44300.359375,44292.44921875,44292.5390625,581234.0
2024-12-11 17:04:00+00:00,44305.609375,44305.609375,44306.1015625,44298.23046875,44298.609375,629672.0
2024-12-11 17:05:00+00:00,44289.0,44289.0,44305.98828125,44288.578125,44305.8984375,760523.0
2024-12-11 17:06:00+00:00,44288.3515625,44288.3515625,44289.78125,44283.94140625,44289.390625,611317.0
2024-12-11 17:07:00+00:00,44288.859375,44288.859375,44294.3515625,44288.51171875,44290.19921875,1222584.0
2024-12-11 17:08:00+00:00,44291.76171875,44291.76171875,44292.859375,44286.6015625,44289.12890625,495073.0
2024-12-11 17:09:00+00:00,44294.37890625,44294.37890625,44296.12109375,44291.69921875,44292.1015625,722182.0
2024-12-11 17:10:00+00:00,44295.109375,44295.109375,44295.109375,44293.328125,44293.828125,139296.0
2024-12-11 17:11:00+00:00,44302.16015625,44302.16015625,44304.76953125,44294.55078125,44296.05078125,1267645.0
2024-12-11 17:12:00+00:00,44294.9296875,44294.9296875,44303.87890625,44292.8515625,44302.12890625,708550.0
2024-12-11 17:13:00+00:00,44285.55859375,44285.55859375,44294.73828125,44284.859375,44294.19921875,683341.0
2024-12-11 17:14:00+00:00,44278.2890625,44278.2890625,44285.55078125,44278.2890625,44285.3984375,743158.0
2024-12-11 17:15:00+00:00,44274.21875,44274.21875,44279.5,44274.140625,44278.37890625,690317.0
2024-12-11 17:16:00+00:00,44283.5390625,44283.5390625,44286.3984375,44274.26953125,44274.26953125,614657.0
2024-12-11 17:17:00+00:00,44271.76953125,44271.76953125,44283.8203125,44267.26171875,44283.12890625,785880.0
2024-12-11 17:18:00+00:00,44260.828125,44260.828125,44271.05859375,44257.9609375,44270.890625,937891.0
2024-12-11 17:19:00+00:00,44250.87109375,44250.87109375,44261.83984375,44249.171875,44260.73828125,849549.0
2024-12-11 17:20:00+00:00,44251.76953125,44251.76953125,44253.28125,44247.33984375,44251.19921875,1206473.0
2024-12-11 17:21:00+00:00,44255.37890625,44255.37890625,44255.421875,44244.21875,44251.5703125,799179.0
2024-12-11 17:22:00+00:00,44259.828125,44259.828125,44260.98046875,44252.66015625,44255.421875,938030.0
2024-12-11 17:23:00+00:00,44259.26171875,44259.26171875,44261.19921875,44254.171875,44260.01171875,540686.0
2024-12-11 17:24:00+00:00,44261.9609375,44261.9609375,44262.55859375,44254.1796875,44258.75,632798.0
2024-12-11 17:25:00+00:00,44255.05078125,44255.05078125,44265.3515625,44255.05078125,44262.05859375,606543.0
2024-12-11 17:26:00+00:00,44263.609375,44263.609375,44266.640625,44255.78125,44255.78125,648743.0
2024-12-11 17:27:00+00:00,44262.62890625,44262.62890625,44263.609375,44259.23046875,44262.80078125,661413.0
2024-12-11 17:28:00+00:00,44252.44921875,44252.44921875,44265.55859375,44252.44921875,44262.859375,677898.0
2024-12-11 17:29:00+00:00,44248.30078125,44248.30078125,44254.83984375,44247.171875,44252.5390625,832451.0
2024-12-11 17:30:00+00:00,44246.87109375,44246.87109375,44249.9609375,44243.0703125,44247.0390625,692874.0
2024-12-11 17:31:00+00:00,44257.33984375,44257.33984375,44259.98046875,44247.109375,44247.41015625,968865.0
2024-12-11 17:32:00+00:00,44256.7109375,44256.7109375,44259.6015625,44254.6015625,44257.94921875,493367.0
2024-12-11 17:33:00+00:00,44263.94140625,44263.94140625,44264.890625,44255.51171875,44255.51171875,468843.0
2024-12-11 17:34:00+00:00,44255.26953125,44255.26953125,44263.671875,44253.94140625,44263.671875,615998.0
2024-12-11 17:35:00+00:00,44250.87890625,44250.87890625,44255.0390625,44245.62109375,44255.0390625,513041.0
2024-12-11 17:36:00+00:00,44238.4296875,44238.4296875,44251.30078125,44237.80859375,44251.30078125,541475.0
2024-12-11 17:37:00+00:00,44243.171875,44243.171875,44245.05078125,44236.3203125,44237.3984375,524978.0
2024-12-11 17:38:00+00:00,44247.78125,44247.78125,44248.16015625,44243.51171875,44243.51171875,490072.0
2024-12-11 17:39:00+00:00,44253.23046875,44253.23046875,44255.21875,44246.75,44247.69921875,538150.0
2024-12-11 17:40:00+00:00,44264.6015625,44264.6015625,44266.4296875,44253.2109375,44253.2109375,1438990.0
2024-12-11 17:41:00+00:00,44271.69140625,44271.69140625,44272.6484375,44263.75,44265.53125,589414.0
2024-12-11 17:42:00+00:00,44273.05859375,44273.05859375,44278.171875,44267.98046875,44272.87109375,480129.0
2024-12-11 17:43:00+00:00,44276.3203125,44276.3203125,44277.859375,44270.328125,44271.48828125,400632.0
2024-12-11 17:44:00+00:00,44276.96875,44276.96875,44280.01953125,44274.44921875,44276.28125,379500.0
2024-12-11 17:45:00+00:00,44286.0390625,44286.0390625,44287.3203125,44276.609375,44277.1796875,501219.0
2024-12-11 17:46:00+00:00,44291.83984375,44291.83984375,44293.01953125,44285.0,44285.9296875,460546.0
2024-12-11 17:47:00+00:00,44291.171875,44291.171875,44293.3515625,44287.328125,44291.96875,632164.0
2024-12-11 17:48:00+00:00,44287.87890625,44287.87890625,44294.46875,44287.87890625,44292.7109375,726252.0
2024-12-11 17:49:00+00:00,44285.91015625,44285.91015625,44289.3984375,44283.55859375,44288.76171875,457181.0
2024-12-11 17:50:00+00:00,44279.03125,44279.03125,44288.8515625,44278.8203125,44285.78125,774928.0
2024-12-11 17:51:00+00:00,44283.328125,44283.328125,44291.8203125,44279.19921875,44279.19921875,443033.0
2024-12-11 17:52:00+00:00,44287.25,44287.25,44290.98046875,44281.75,44283.3984375,466606.0
2024-12-11 17:53:00+00:00,44308.328125,44308.328125,44308.328125,44287.5,44287.6015625,515250.0
2024-12-11 17:54:00+00:00,44296.96875,44296.96875,44308.05078125,44295.359375,44307.9609375,476092.0
2024-12-11 17:55:00+00:00,44292.98046875,44292.98046875,44296.7890625,44291.578125,44296.7890625,423748.0
2024-12-11 17:56:00+00:00,44289.51171875,44289.51171875,44297.609375,44289.51171875,44292.91015625,353878.0
2024-12-11 17:57:00+00:00,44296.26171875,44296.26171875,44296.37890625,44288.66015625,44290.30859375,439116.0
2024-12-11 17:58:00+00:00,44303.5390625,44303.5390625,44304.48828125,44295.48828125,44296.140625,596775.0
2024-12-11 17:59:00+00:00,44303.87109375,44303.87109375,44303.87109375,44298.8984375,44302.23828125,573240.0
2024-12-11 18:00:00+00:00,44306.8515625,44306.8515625,44310.578125,44303.94140625,44303.94140625,920400.0
2024-12-11 18:01:00+00:00,44310.69140625,44310.69140625,44312.23828125,44306.96875,44306.96875,1138985.0
2024-12-11 18:02:00+00:00,44319.03125,44319.03125,44324.2890625,44310.921875,44311.48046875,765456.0
2024-12-11 18:03:00+00:00,44331.359375,44331.359375,44331.359375,44318.33984375,44319.171875,475394.0
2024-12-11 18:04:00+00:00,44326.3515625,44326.3515625,44331.41015625,44324.921875,44331.390625,553013.0
2024-12-11 18:05:00+00:00,44321.8984375,44321.8984375,44326.83984375,44321.48828125,44326.390625,545279.0
2024-12-11 18:06:00+00:00,44325.8515625,44325.8515625,44328.55859375,44317.4609375,44322.37890625,544083.0
2024-12-11 18:07:00+00:00,44319.51953125,44319.51953125,44325.828125,44315.75,44325.828125,697386.0
2024-12-11 18:08:00+00:00,44320.3515625,44320.3515625,44323.4609375,44317.3515625,44320.19140625,387366.0
2024-12-11 18:09:00+00:00,44314.41015625,44314.41015625,44319.7890625,44313.19921875,44319.7890625,457223.0
2024-12-11 18:10:00+00:00,44310.828125,44310.828125,44318.30859375,44309.01171875,44315.51953125,511146.0
2024-12-11 18:11:00+00:00,44312.55859375,44312.55859375,44313.62890625,44309.30078125,44310.640625,508371.0
2024-12-11 18:12:00+00:00,44301.48828125,44301.48828125,44312.78125,44301.078125,44312.16015625,517987.0
2024-12-11 18:13:00+00:00,44309.30859375,44309.30859375,44309.3203125,44299.53125,44301.37109375,372395.0
2024-12-11 18:14:00+00:00,44315.109375,44315.109375,44317.0390625,44309.78125,44310.26953125,456136.0
2024-12-11 18:15:00+00:00,44310.26171875,44310.26171875,44315.78125,44310.26171875,44315.5703125,439756.0
2024-12-11 18:16:00+00:00,44308.33984375,44308.33984375,44316.30859375,44306.7890625,44310.1796875,468562.0
2024-12-11 18:17:00+00:00,44311.05859375,44311.05859375,44313.390625,44308.55078125,44309.0,352908.0
2024-12-11 18:18:00+00:00,44309.30859375,44309.30859375,44310.9296875,44301.12109375,44310.9296875,486629.0
2024-12-11 18:19:00+00:00,44307.83984375,44307.83984375,44311.21875,44306.5703125,44309.48828125,545598.0
2024-12-11 18:20:00+00:00,44294.55078125,44294.55078125,44307.87109375,44294.55078125,44307.8515625,527933.0
2024-12-11 18:21:00+00:00,44297.55859375,44297.55859375,44297.55859375,44293.2109375,44295.0390625,389402.0
2024-12-11 18:22:00+00:00,44302.609375,44302.609375,44305.390625,44294.640625,44297.3515625,412476.0
2024-12-11 18:23:00+00:00,44307.87890625,44307.87890625,44307.87890625,44300.328125,44301.55078125,369131.0
2024-12-11 18:24:00+00:00,44307.58984375,44307.58984375,44310.078125,44303.76171875,44308.03125,419056.0
2024-12-11 18:25:00+00:00,44304.890625,44304.890625,44307.9609375,44302.4609375,44307.53125,446102.0
2024-12-11 18:26:00+00:00,44302.94921875,44302.94921875,44305.28125,44302.5703125,44305.08984375,590530.0
2024-12-11 18:27:00+00:00,44303.62109375,44303.62109375,44306.25,44302.80078125,44302.87890625,342338.0
2024-12-11 18:28:00+00:00,44309.37109375,44309.37109375,44310.12890625,44303.828125,44303.828125,523526.0
2024-12-11 18:29:00+00:00,44309.05859375,44309.05859375,44312.94921875,44308.6796875,44308.6796875,583421.0
2024-12-11 18:30:00+00:00,44312.08984375,44312.08984375,44313.87890625,44308.26171875,44309.0,554516.0
2024-12-11 18:31:00+00:00,44303.78125,44303.78125,44313.890625,44303.78125,44311.6796875,564541.0
2024-12-11 18:32:00+00:00,44294.94921875,44294.94921875,44308.26171875,44294.94921875,44305.3203125,671876.0
2024-12-11 18:33:00+00:00,44290.23046875,44290.23046875,44296.01171875,44289.0,44294.12109375,551818.0
2024-12-11 18:34:00+00:00,44291.21875,44291.21875,44292.3984375,44288.51953125,44291.1484375,649941.0
2024-12-11 18:35:00+00:00,44290.1015625,44290.1015625,44295.19921875,44290.1015625,44291.5,708925.0
2024-12-11 18:36:00+00:00,44279.859375,44279.859375,44290.01953125,44279.859375,44289.7109375,1284610.0
2024-12-11 18:37:00+00:00,44283.19921875,44283.19921875,44284.1015625,44275.75,44278.640625,856942.0
2024-12-11 18:38:00+00:00,44281.46875,44281.46875,44283.921875,44278.25,44283.53125,623143.0
2024-12-11 18:39:00+00:00,44280.51953125,44280.51953125,44283.55859375,44279.37890625,44281.12890625,733069.0
2024-12-11 18:40:00+00:00,44275.73828125,44275.73828125,44284.0,44275.62890625,44280.578125,663087.0
2024-12-11 18:41:00+00:00,44267.828125,44267.828125,44275.98046875,44266.078125,44275.53125,635464.0
2024-12-11 18:42:00+00:00,44262.73828125,44262.73828125,44267.9609375,44261.421875,44267.9609375,600549.0
2024-12-11 18:43:00+00:00,44270.421875,44270.421875,44271.26953125,44260.78125,44261.6796875,542672.0
2024-12-11 18:44:00+00:00,44263.94140625,44263.94140625,44272.23828125,44261.05078125,44269.7890625,529233.0
2024-12-11 18:45:00+00:00,44260.3515625,44260.3515625,44264.19140625,44258.62890625,44264.19140625,650355.0
2024-12-11 18:46:00+00:00,44257.5390625,44257.5390625,44261.98828125,44255.5703125,44259.890625,715975.0
2024-12-11 18:47:00+00:00,44258.96875,44258.96875,44261.5703125,44257.46875,44257.51953125,573192.0
2024-12-11 18:48:00+00:00,44260.5390625,44260.5390625,44261.05859375,44255.25,44258.87109375,525477.0
2024-12-11 18:49:00+00:00,44262.828125,44262.828125,44264.44921875,44260.62890625,44261.109375,534527.0
2024-12-11 18:50:00+00:00,44255.75,44255.75,44263.1484375,44252.2890625,44263.1484375,526202.0
2024-12-11 18:51:00+00:00,44249.78125,44249.78125,44256.73046875,44248.58984375,44256.0,516847.0
2024-12-11 18:52:00+00:00,44242.16015625,44242.16015625,44251.30859375,44242.0,44249.78125,559379.0
2024-12-11 18:53:00+00:00,44233.98828125,44233.98828125,44241.91015625,44232.91015625,44241.87109375,506872.0
2024-12-11 18:54:00+00:00,44231.08984375,44231.08984375,44234.23828125,44223.3515625,44234.2109375,478615.0
2024-12-11 18:55:00+00:00,44229.4609375,44229.4609375,44233.80859375,44228.26953125,44231.05859375,461517.0
2024-12-11 18:56:00+00:00,44228.66015625,44228.66015625,44231.140625,44226.21875,44229.44921875,556813.0
2024-12-11 18:57:00+00:00,44235.83984375,44235.83984375,44236.44921875,44227.98828125,44228.359375,443751.0
2024-12-11 18:58:00+00:00,44228.921875,44228.921875,44236.16015625,44228.23046875,44235.859375,530843.0
2024-12-11 18:59:00+00:00,44228.05078125,44228.05078125,44232.921875,44227.6484375,44230.12109375,593939.0
2024-12-11 19:00:00+00:00,44224.62890625,44224.62890625,44228.7109375,44219.30078125,44228.44921875,550932.0
2024-12-11 19:01:00+00:00,44226.171875,44226.171875,44226.171875,44219.328125,44224.71875,738077.0
2024-12-11 19:02:00+00:00,44235.76171875,44235.76171875,44238.51171875,44225.890625,44225.890625,711128.0
2024-12-11 19:03:00+00:00,44231.5390625,44231.5390625,44235.76171875,44227.328125,44235.76171875,617729.0
2024-12-11 19:04:00+00:00,44218.94921875,44218.94921875,44231.51171875,44217.71875,44231.51171875,807015.0
2024-12-11 19:05:00+00:00,44224.5390625,44224.5390625,44225.140625,44218.01171875,44218.76171875,856610.0
2024-12-11 19:06:00+00:00,44226.359375,44226.359375,44229.83984375,44224.55078125,44224.55078125,637243.0
2024-12-11 19:07:00+00:00,44221.6015625,44221.6015625,44226.1484375,44216.171875,44226.1484375,582360.0
2024-12-11 19:08:00+00:00,44224.48828125,44224.48828125,44225.08984375,44221.2109375,44221.87109375,654718.0
2024-12-11 19:09:00+00:00,44226.1484375,44226.1484375,44226.1484375,44220.078125,44224.28125,474464.0
2024-12-11 19:10:00+00:00,44222.1015625,44222.1015625,44226.37109375,44221.1796875,44226.37109375,491692.0
2024-12-11 19:11:00+00:00,44220.8203125,44220.8203125,44225.76953125,44220.7109375,44222.19140625,483437.0
2024-12-11 19:12:00+00:00,44234.03125,44234.03125,44234.76953125,44220.890625,44221.7109375,536638.0
2024-12-11 19:13:00+00:00,44232.73046875,44232.73046875,44236.26171875,44229.08984375,44234.0703125,624549.0
2024-12-11 19:14:00+00:00,44234.78125,44234.78125,44236.53125,44230.078125,44232.73046875,541145.0
2024-12-11 19:15:00+00:00,44239.3984375,44239.3984375,44241.0,44233.37109375,44234.828125,538090.0
2024-12-11 19:16:00+00:00,44244.421875,44244.421875,44247.671875,44238.26953125,44239.6015625,543732.0
2024-12-11 19:17:00+00:00,44241.3984375,44241.3984375,44246.08984375,44241.3984375,44244.2109375,673547.0
2024-12-11 19:18:00+00:00,44235.4296875,44235.4296875,44241.83984375,44234.98046875,44240.66015625,706053.0
2024-12-11 19:19:00+00:00,44236.12109375,44236.12109375,44237.8515625,44235.5390625,44235.5390625,469961.0
2024-12-11 19:20:00+00:00,44229.55078125,44229.55078125,44242.3203125,44229.55078125,44237.66015625,584552.0
2024-12-11 19:21:00+00:00,44224.5390625,44224.5390625,44229.80859375,44224.5390625,44229.44921875,631062.0
2024-12-11 19:22:00+00:00,44223.1796875,44223.1796875,44225.0,44221.05859375,44224.4609375,524367.0
2024-12-11 19:23:00+00:00,44222.4296875,44222.4296875,44225.87109375,44220.37890625,44222.69921875,468762.0
2024-12-11 19:24:00+00:00,44228.94921875,44228.94921875,44228.94921875,44222.1484375,44222.46875,494311.0
2024-12-11 19:25:00+00:00,44227.7109375,44227.7109375,44230.66015625,44223.23046875,44228.25,404647.0
2024-12-11 19:26:00+00:00,44239.9296875,44239.9296875,44240.78125,44227.76953125,44227.76953125,462571.0
2024-12-11 19:27:00+00:00,44234.30078125,44234.30078125,44239.26171875,44233.1015625,44238.94140625,590350.0
2024-12-11 19:28:00+00:00,44237.171875,44237.171875,44239.390625,44234.109375,44234.19921875,435134.0
2024-12-11 19:29:00+00:00,44239.4609375,44239.4609375,44240.44140625,44234.51171875,44238.71875,800006.0
2024-12-11 19:30:00+00:00,44241.96875,44241.96875,44247.5390625,44239.359375,44239.359375,517176.0
2024-12-11 19:31:00+00:00,44247.5703125,44247.5703125,44248.33984375,44240.921875,44241.98046875,717397.0
2024-12-11 19:32:00+00:00,44252.78125,44252.78125,44256.1484375,44246.48046875,44247.578125,518043.0
2024-12-11 19:33:00+00:00,44245.62890625,44245.62890625,44253.8984375,44244.4296875,44252.94921875,527549.0
2024-12-11 19:34:00+00:00,44248.73828125,44248.73828125,44255.55078125,44244.51953125,44245.58984375,450347.0
2024-12-11 19:35:00+00:00,44247.1484375,44247.1484375,44251.69921875,44245.859375,44249.01171875,460971.0
2024-12-11 19:36:00+00:00,44248.98828125,44248.98828125,44249.921875,44246.9609375,44247.80859375,588577.0
2024-12-11 19:37:00+00:00,44250.6484375,44250.6484375,44253.69921875,44247.23828125,44249.51171875,608571.0
2024-12-11 19:38:00+00:00,44248.0,44248.0,44251.44140625,44245.671875,44250.37109375,708760.0
2024-12-11 19:39:00+00:00,44249.2109375,44249.2109375,44252.69921875,44245.98828125,44248.80859375,960210.0
2024-12-11 19:40:00+00:00,44261.76171875,44261.76171875,44261.76171875,44248.3203125,44248.9296875,1669790.0
2024-12-11 19:41:00+00:00,44264.0,44264.0,44264.9296875,44261.58984375,44261.58984375,574541.0
2024-12-11 19:42:00+00:00,44258.5703125,44258.5703125,44264.62109375,44254.7890625,44263.9296875,751735.0
2024-12-11 19:43:00+00:00,44245.37109375,44245.37109375,44258.6484375,44243.62109375,44258.6484375,827042.0
2024-12-11 19:44:00+00:00,44238.6796875,44238.6796875,44246.859375,44237.53125,44245.48828125,614687.0
2024-12-11 19:45:00+00:00,44242.7109375,44242.7109375,44242.7109375,44236.58984375,44237.96875,571273.0
2024-12-11 19:46:00+00:00,44238.16015625,44238.16015625,44245.859375,44238.16015625,44243.19921875,613505.0
2024-12-11 19:47:00+00:00,44240.328125,44240.328125,44243.69921875,44236.69921875,44238.16015625,648590.0
2024-12-11 19:48:00+00:00,44232.3984375,44232.3984375,44239.87890625,44230.94921875,44239.87890625,544116.0
2024-12-11 19:49:00+00:00,44222.87890625,44222.87890625,44230.55078125,44222.30859375,44229.671875,598410.0
2024-12-11 19:50:00+00:00,44230.7109375,44230.7109375,44230.73046875,44222.25,44223.44921875,601514.0
2024-12-11 19:51:00+00:00,44228.0,44228.0,44231.171875,44224.1796875,44230.359375,677801.0
2024-12-11 19:52:00+00:00,44219.71875,44219.71875,44227.87890625,44215.73828125,44227.87890625,608127.0
2024-12-11 19:53:00+00:00,44222.5703125,44222.5703125,44224.8515625,44219.41015625,44219.98046875,534351.0
2024-12-11 19:54:00+00:00,44219.5703125,44219.5703125,44223.87890625,44219.5703125,44222.46875,524884.0
2024-12-11 19:55:00+00:00,44222.2890625,44222.2890625,44223.3984375,44218.01171875,44220.2890625,546180.0
2024-12-11 19:56:00+00:00,44221.6796875,44221.6796875,44227.01171875,44220.5,44221.98828125,679004.0
2024-12-11 19:57:00+00:00,44225.26953125,44225.26953125,44225.26953125,44217.69921875,44217.69921875,436430.0
2024-12-11 19:58:00+00:00,44230.1796875,44230.1796875,44231.30078125,44225.12109375,44225.55078125,531136.0
2024-12-11 19:59:00+00:00,44225.12890625,44225.12890625,44233.2890625,44224.08984375,44229.9296875,461403.0
2024-12-11 20:00:00+00:00,44226.0390625,44226.0390625,44227.46875,44223.28125,44226.01171875,639286.0
2024-12-11 20:01:00+00:00,44227.6796875,44227.6796875,44227.6796875,44219.87890625,44225.55078125,744368.0
2024-12-11 20:02:00+00:00,44235.9609375,44235.9609375,44238.01171875,44228.12890625,44228.640625,538728.0
2024-12-11 20:03:00+00:00,44227.4296875,44227.4296875,44236.44921875,44226.9296875,44235.421875,520599.0
2024-12-11 20:04:00+00:00,44229.921875,44229.921875,44231.73828125,44226.37890625,44226.859375,952292.0
2024-12-11 20:05:00+00:00,44222.44140625,44222.44140625,44233.48046875,44221.890625,44230.37890625,804511.0
2024-12-11 20:06:00+00:00,44211.3984375,44211.3984375,44223.21875,44211.3984375,44222.69921875,613871.0
2024-12-11 20:07:00+00:00,44199.6796875,44199.6796875,44211.6484375,44199.6796875,44211.3984375,694988.0
2024-12-11 20:08:00+00:00,44211.69140625,44211.69140625,44211.69140625,44199.25,44199.25,1228717.0
2024-12-11 20:09:00+00:00,44210.73046875,44210.73046875,44214.48828125,44210.73046875,44211.78125,613195.0
2024-12-11 20:10:00+00:00,44210.08984375,44210.08984375,44211.94921875,44204.4296875,44211.01953125,795817.0
2024-12-11 20:11:00+00:00,44217.359375,44217.359375,44218.23828125,44208.44140625,44210.0390625,640715.0
2024-12-11 20:12:00+00:00,44213.48828125,44213.48828125,44217.16015625,44210.078125,44217.16015625,748749.0
2024-12-11 20:13:00+00:00,44207.30859375,44207.30859375,44213.9609375,44205.19140625,44213.41015625,732945.0
2024-12-11 20:14:00+00:00,44212.96875,44212.96875,44212.96875,44207.1484375,44207.6484375,760361.0
2024-12-11 20:15:00+00:00,44213.5390625,44213.5390625,44215.37890625,44208.51171875,44213.05078125,708941.0
2024-12-11 20:16:00+00:00,44206.87109375,44206.87109375,44213.62109375,44205.23828125,44213.62109375,1223536.0
2024-12-11 20:17:00+00:00,44199.0390625,44199.0390625,44207.7890625,44198.55078125,44207.7890625,822448.0
2024-12-11 20:18:00+00:00,44203.08984375,44203.08984375,44205.83984375,44197.30859375,44199.83984375,610568.0
2024-12-11 20:19:00+00:00,44201.609375,44201.609375,44204.25,44199.6484375,44202.26171875,704965.0
2024-12-11 20:20:00+00:00,44195.83984375,44195.83984375,44200.87890625,44194.55078125,44200.87890625,724920.0
2024-12-11 20:21:00+00:00,44194.26171875,44194.26171875,44196.80859375,44192.0703125,44195.83984375,702110.0
2024-12-11 20:22:00+00:00,44192.9296875,44192.9296875,44194.9609375,44190.30078125,44193.8203125,561932.0
2024-12-11 20:23:00+00:00,44194.390625,44194.390625,44197.23046875,44191.078125,44192.0703125,825284.0
2024-12-11 20:24:00+00:00,44194.83984375,44194.83984375,44195.16015625,44191.69140625,44194.37109375,680679.0
2024-12-11 20:25:00+00:00,44194.921875,44194.921875,44196.3203125,44189.828125,44194.51953125,796661.0
2024-12-11 20:26:00+00:00,44192.94921875,44192.94921875,44200.2109375,44192.94921875,44195.0390625,596408.0
2024-12-11 20:27:00+00:00,44207.80859375,44207.80859375,44208.921875,44191.171875,44193.33984375,670096.0
2024-12-11 20:28:00+00:00,44206.44140625,44206.44140625,44209.48828125,44202.140625,44207.73828125,1000675.0
2024-12-11 20:29:00+00:00,44213.87890625,44213.87890625,44215.1484375,44206.2890625,44206.2890625,1065101.0
2024-12-11 20:30:00+00:00,44205.05859375,44205.05859375,44213.73828125,44204.37890625,44213.73828125,895988.0
2024-12-11 20:31:00+00:00,44199.80859375,44199.80859375,44205.16015625,44197.3984375,44205.16015625,764951.0
2024-12-11 20:32:00+00:00,44197.71875,44197.71875,44201.359375,44196.890625,44200.01953125,808859.0
2024-12-11 20:33:00+00:00,44205.12890625,44205.12890625,44209.55078125,44197.671875,44197.671875,760497.0
2024-12-11 20:34:00+00:00,44198.62109375,44198.62109375,44208.33984375,44196.62890625,44204.73046875,729700.0
2024-12-11 20:35:00+00:00,44197.25,44197.25,44199.03125,44191.55078125,44198.69921875,879908.0
2024-12-11 20:36:00+00:00,44207.5703125,44207.5703125,44208.671875,44198.0,44198.37109375,828644.0
2024-12-11 20:37:00+00:00,44214.44140625,44214.44140625,44216.609375,44207.390625,44207.609375,718654.0
2024-12-11 20:38:00+00:00,44215.828125,44215.828125,44216.171875,44209.3984375,44215.05078125,999671.0
2024-12-11 20:39:00+00:00,44226.62109375,44226.62109375,44226.640625,44211.78125,44215.0,997581.0
2024-12-11 20:40:00+00:00,44217.25,44217.25,44226.421875,44216.0,44226.421875,791083.0
2024-12-11 20:41:00+00:00,44215.2890625,44215.2890625,44217.9296875,44214.26171875,44216.76953125,1019263.0
2024-12-11 20:42:00+00:00,44210.5390625,44210.5390625,44216.03125,44207.94921875,44215.41015625,888347.0
2024-12-11 20:43:00+00:00,44197.87890625,44197.87890625,44211.01953125,44197.87890625,44211.01953125,843230.0
2024-12-11 20:44:00+00:00,44193.41015625,44193.41015625,44197.58984375,44193.05859375,44197.58984375,890521.0
2024-12-11 20:45:00+00:00,44196.73046875,44196.73046875,44199.6484375,44191.62109375,44192.71875,988767.0
2024-12-11 20:46:00+00:00,44204.37109375,44204.37109375,44205.5390625,44194.37109375,44196.078125,1050239.0
2024-12-11 20:47:00+00:00,44199.80859375,44199.80859375,44204.8203125,44199.1015625,44204.8203125,1390112.0
2024-12-11 20:48:00+00:00,44200.21875,44200.21875,44200.640625,44196.55859375,44199.62109375,1033777.0
2024-12-11 20:49:00+00:00,44195.5703125,44195.5703125,44202.6484375,44195.5703125,44198.94140625,954211.0
2024-12-11 20:50:00+00:00,44202.98828125,44202.98828125,44206.05078125,44194.16015625,44195.76953125,2274333.0
2024-12-11 20:51:00+00:00,44192.98046875,44192.98046875,44205.8515625,44190.96875,44203.01171875,1853292.0
2024-12-11 20:52:00+00:00,44196.25,44196.25,44197.1484375,44191.19921875,44193.21875,1898721.0
2024-12-11 20:53:00+00:00,44188.87890625,44188.87890625,44196.05078125,44185.26953125,44196.05078125,1631520.0
2024-12-11 20:54:00+00:00,44174.01171875,44174.01171875,44192.83984375,44171.76171875,44187.6484375,2772914.0
2024-12-11 20:55:00+00:00,44164.76953125,44164.76953125,44174.5390625,44159.828125,44174.5390625,2799027.0
2024-12-11 20:56:00+00:00,44149.48046875,44149.48046875,44165.55078125,44147.0703125,44165.55078125,2418060.0
2024-12-11 20:57:00+00:00,44150.578125,44150.578125,44154.3515625,44148.21875,44149.71875,2603849.0
2024-12-11 20:58:00+00:00,44150.390625,44150.390625,44163.640625,44150.25,44151.66015625,5198188.0
2024-12-11 20:59:00+00:00,44150.609375,44150.609375,44154.30859375,44135.73828125,44150.58984375,8361993.0
2024-12-11 21:00:00+00:00,,,,,,
2024-12-11 21:01:00+00:00,,,,,,
2024-12-11 21:02:00+00:00,,,,,,
2024-12-11 21:03:00+00:00,,,,,,
2024-12-11 21:04:00+00:00,,,,,,
2024-12-11 21:05:00+00:00,,,,,,
2024-12-11 21:06:00+00:00,,,,,,
2024-12-11 21:07:00+00:00,,,,,,
2024-12-11 21:08:00+00:00,,,,,,
2024-12-11 21:09:00+00:00,,,,,,
2024-12-11 21:10:00+00:00,,,,,,
2024-12-11 21:11:00+00:00,,,,,,
2024-12-11 21:12:00+00:00,,,,,,
2024-12-11 21:13:00+00:00,,,,,,
2024-12-11 21:14:00+00:00,,,,,,
2024-12-11 21:15:00+00:00,,,,,,
2024-12-11 21:16:00+00:00,,,,,,
2024-12-11 21:17:00+00:00,,,,,,
2024-12-11 21:18:00+00:00,,,,,,
2024-12-11 21:19:00+00:00,,,,,,
2024-12-11 21:20:00+00:00,,,,,,
2024-12-11 21:21:00+00:00,,,,,,
2024-12-11 21:22:00+00:00,,,,,,
2024-12-11 21:23:00+00:00,,,,,,
2024-12-11 21:24:00+00:00,,,,,,
2024-12-11 21:25:00+00:00,,,,,,
2024-12-11 21:26:00+00:00,,,,,,
2024-12-11 21:27:00+00:00,,,,,,
2024-12-11 21:28:00+00:00,,,,,,
2024-12-11 21:29:00+00:00,,,,,,
2024-12-11 21:30:00+00:00,,,,,,
2024-12-11 21:31:00+00:00,,,,,,
2024-12-11 21:32:00+00:00,,,,,,
2024-12-11 21:33:00+00:00,,,,,,
2024-12-11 21:34:00+00:00,,,,,,
2024-12-11 21:35:00+00:00,,,,,,
2024-12-11 21:36:00+00:00,,,,,,
2024-12-11 21:37:00+00:00,,,,,,
2024-12-11 21:38:00+00:00,,,,,,
2024-12-11 21:39:00+00:00,,,,,,
2024-12-11 21:40:00+00:00,,,,,,
2024-12-11 21:41:00+00:00,,,,,,
2024-12-11 21:42:00+00:00,,,,,,
2024-12-11 21:43:00+00:00,,,,,,
2024-12-11 21:44:00+00:00,,,,,,
2024-12-11 21:45:00+00:00,,,,,,
2024-12-11 21:46:00+00:00,,,,,,
2024-12-11 21:47:00+00:00,,,,,,
2024-12-11 21:48:00+00:00,,,,,,
2024-12-11 21:49:00+00:00,,,,,,
2024-12-11 21:50:00+00:00,,,,,,
2024-12-11 21:51:00+00:00,,,,,,
2024-12-11 21:52:00+00:00,,,,,,
2024-12-11 21:53:00+00:00,,,,,,
2024-12-11 21:54:00+00:00,,,,,,
2024-12-11 21:55:00+00:00,,,,,,
2024-12-11 21:56:00+00:00,,,,,,
2024-12-11 21:57:00+00:00,,,,,,
2024-12-11 21:58:00+00:00,,,,,,
2024-12-11 21:59:00+00:00,,,,,,
2024-12-11 22:00:00+00:00,,,,,,
2024-12-11 22:01:00+00:00,,,,,,
2024-12-11 22:02:00+00:00,,,,,,
2024-12-11 22:03:00+00:00,,,,,,
2024-12-11 22:04:00+00:00,,,,,,
2024-12-11 22:05:00+00:00,,,,,,
2024-12-11 22:06:00+00:00,,,,,,
2024-12-11 22:07:00+00:00,,,,,,
2024-12-11 22:08:00+00:00,,,,,,
2024-12-11 22:09:00+00:00,,,,,,
2024-12-11 22:10:00+00:00,,,,,,
2024-12-11 22:11:00+00:00,,,,,,
2024-12-11 22:12:00+00:00,,,,,,
2024-12-11 22:13:00+00:00,,,,,,
2024-12-11 22:14:00+00:00,,,,,,
2024-12-11 22:15:00+00:00,,,,,,
2024-12-11 22:16:00+00:00,,,,,,
2024-12-11 22:17:00+00:00,,,,,,
2024-12-11 22:18:00+00:00,,,,,,
2024-12-11 22:19:00+00:00,,,,,,
2024-12-11 22:20:00+00:00,,,,,,
2024-12-11 22:21:00+00:00,,,,,,
2024-12-11 22:22:00+00:00,,,,,,
2024-12-11 22:23:00+00:00,,,,,,
2024-12-11 22:24:00+00:00,,,,,,
2024-12-11 22:25:00+00:00,,,,,,
2024-12-11 22:26:00+00:00,,,,,,
2024-12-11 22:27:00+00:00,,,,,,
2024-12-11 22:28:00+00:00,,,,,,
2024-12-11 22:29:00+00:00,,,,,,
2024-12-11 22:30:00+00:00,,,,,,
2024-12-11 22:31:00+00:00,,,,,,
2024-12-11 22:32:00+00:00,,,,,,
2024-12-11 22:33:00+00:00,,,,,,
2024-12-11 22:34:00+00:00,,,,,,
2024-12-11 22:35:00+00:00,,,,,,
2024-12-11 22:36:00+00:00,,,,,,
2024-12-11 22:37:00+00:00,,,,,,
2024-12-11 22:38:00+00:00,,,,,,
2024-12-11 22:39:00+00:00,,,,,,
2024-12-11 22:40:00+00:00,,,,,,
2024-12-11 22:41:00+00:00,,,,,,
2024-12-11 22:42:00+00:00,,,,,,
2024-12-11 22:43:00+00:00,,,,,,
2024-12-11 22:44:00+00:00,,,,,,
2024-12-11 22:45:00+00:00,,,,,,
2024-12-11 22:46:00+00:00,,,,,,
2024-12-11 22:47:00+00:00,,,,,,
2024-12-11 22:48:00+00:00,,,,,,
2024-12-11 22:49:00+00:00,,,,,,
2024-12-11 22:50:00+00:00,,,,,,
2024-12-11 22:51:00+00:00,,,,,,
2024-12-11 22:52:00+00:00,,,,,,
2024-12-11 22:53:00+00:00,,,,,,
2024-12-11 22:54:00+00:00,,,,,,
2024-12-11 22:55:00+00:00,,,,,,
2024-12-11 22:56:00+00:00,,,,,,
2024-12-11 22:57:00+00:00,,,,,,
2024-12-11 22:58:00+00:00,,,,,,
2024-12-11 22:59:00+00:00,,,,,,
2024-12-11 23:00:00+00:00,,,,,,
2024-12-11 23:01:00+00:00,,,,,,
2024-12-11 23:02:00+00:00,,,,,,
2024-12-11 23:03:00+00:00,,,,,,
2024-12-11 23:04:00+00:00,,,,,,
2024-12-11 23:05:00+00:00,,,,,,
2024-12-11 23:06:00+00:00,,,,,,
2024-12-11 23:07:00+00:00,,,,,,
2024-12-11 23:08:00+00:00,,,,,,
2024-12-11 23:09:00+00:00,,,,,,
2024-12-11 23:10:00+00:00,,,,,,
2024-12-11 23:11:00+00:00,,,,,,
2024-12-11 23:12:00+00:00,,,,,,
2024-12-11 23:13:00+00:00,,,,,,
2024-12-11 23:14:00+00:00,,,,,,
2024-12-11 23:15:00+00:00,,,,,,
2024-12-11 23:16:00+00:00,,,,,,
2024-12-11 23:17:00+00:00,,,,,,
2024-12-11 23:18:00+00:00,,,,,,
2024-12-11 23:19:00+00:00,,,,,,
2024-12-11 23:20:00+00:00,,,,,,
2024-12-11 23:21:00+00:00,,,,,,
2024-12-11 23:22:00+00:00,,,,,,
2024-12-11 23:23:00+00:00,,,,,,
2024-12-11 23:24:00+00:00,,,,,,
2024-12-11 23:25:00+00:00,,,,,,
2024-12-11 23:26:00+00:00,,,,,,
2024-12-11 23:27:00+00:00,,,,,,
2024-12-11 23:28:00+00:00,,,,,,
2024-12-11 23:29:00+00:00,,,,,,
2024-12-11 23:30:00+00:00,,,,,,
2024-12-11 23:31:00+00:00,,,,,,
2024-12-11 23:32:00+00:00,,,,,,
2024-12-11 23:33:00+00:00,,,,,,
2024-12-11 23:34:00+00:00,,,,,,
2024-12-11 23:35:00+00:00,,,,,,
2024-12-11 23:36:00+00:00,,,,,,
2024-12-11 23:37:00+00:00,,,,,,
2024-12-11 23:38:00+00:00,,,,,,
2024-12-11 23:39:00+00:00,,,,,,
2024-12-11 23:40:00+00:00,,,,,,
2024-12-11 23:41:00+00:00,,,,,,
2024-12-11 23:42:00+00:00,,,,,,
2024-12-11 23:43:00+00:00,,,,,,
2024-12-11 23:44:00+00:00,,,,,,
2024-12-11 23:45:00+00:00,,,,,,
2024-12-11 23:46:00+00:00,,,,,,
2024-12-11 23:47:00+00:00,,,,,,
2024-12-11 23:48:00+00:00,,,,,,
2024-12-11 23:49:00+00:00,,,,,,
2024-12-11 23:50:00+00:00,,,,,,
2024-12-11 23:51:00+00:00,,,,,,
2024-12-11 23:52:00+00:00,,,,,,
2024-12-11 23:53:00+00:00,,,,,,
2024-12-11 23:54:00+00:00,,,,,,
2024-12-11 23:55:00+00:00,,,,,,
2024-12-11 23:56:00+00:00,,,,,,
2024-12-11 23:57:00+00:00,,,,,,
2024-12-11 23:58:00+00:00,,,,,,
2024-12-11 23:59:00+00:00,,,,,,
2024-12-12 00:00:00+00:00,,,,,,
2024-12-12 00:01:00+00:00,,,,,,
2024-12-12 00:02:00+00:00,,,,,,
2024-12-12 00:03:00+00:00,,,,,,
2024-12-12 00:04:00+00:00,,,,,,
2024-12-12 00:05:00+00:00,,,,,,
2024-12-12 00:06:00+00:00,,,,,,
2024-12-12 00:07:00+00:00,,,,,,
2024-12-12 00:08:00+00:00,,,,,,
2024-12-12 00:09:00+00:00,,,,,,
2024-12-12 00:10:00+00:00,,,,,,
2024-12-12 00:11:00+00:00,,,,,,
2024-12-12 00:12:00+00:00,,,,,,
2024-12-12 00:13:00+00:00,,,,,,
2024-12-12 00:14:00+00:00,,,,,,
2024-12-12 00:15:00+00:00,,,,,,
2024-12-12 00:16:00+00:00,,,,,,
2024-12-12 00:17:00+00:00,,,,,,
2024-12-12 00:18:00+00:00,,,,,,
2024-12-12 00:19:00+00:00,,,,,,
2024-12-12 00:20:00+00:00,,,,,,
2024-12-12 00:21:00+00:00,,,,,,
2024-12-12 00:22:00+00:00,,,,,,
2024-12-12 00:23:00+00:00,,,,,,
2024-12-12 00:24:00+00:00,,,,,,
2024-12-12 00:25:00+00:00,,,,,,
2024-12-12 00:26:00+00:00,,,,,,
2024-12-12 00:27:00+00:00,,,,,,
2024-12-12 00:28:00+00:00,,,,,,
2024-12-12 00:29:00+00:00,,,,,,
2024-12-12 00:30:00+00:00,,,,,,
2024-12-12 00:31:00+00:00,,,,,,
2024-12-12 00:32:00+00:00,,,,,,
2024-12-12 00:33:00+00:00,,,,,,
2024-12-12 00:34:00+00:00,,,,,,
2024-12-12 00:35:00+00:00,,,,,,
2024-12-12 00:36:00+00:00,,,,,,
2024-12-12 00:37:00+00:00,,,,,,
2024-12-12 00:38:00+00:00,,,,,,
2024-12-12 00:39:00+00:00,,,,,,
2024-12-12 00:40:00+00:00,,,,,,
2024-12-12 00:41:00+00:00,,,,,,
2024-12-12 00:42:00+00:00,,,,,,
2024-12-12 00:43:00+00:00,,,,,,
2024-12-12 00:44:00+00:00,,,,,,
2024-12-12 00:45:00+00:00,,,,,,
2024-12-12 00:46:00+00:00,,,,,,
2024-12-12 00:47:00+00:00,,,,,,
2024-12-12 00:48:00+00:00,,,,,,
2024-12-12 00:49:00+00:00,,,,,,
2024-12-12 00:50:00+00:00,,,,,,
2024-12-12 00:51:00+00:00,,,,,,
2024-12-12 00:52:00+00:00,,,,,,
2024-12-12 00:53:00+00:00,,,,,,
2024-12-12 00:54:00+00:00,,,,,,
2024-12-12 00:55:00+00:00,,,,,,
2024-12-12 00:56:00+00:00,,,,,,
2024-12-12 00:57:00+00:00,,,,,,
2024-12-12 00:58:00+00:00,,,,,,
2024-12-12 00:59:00+00:00,,,,,,
2024-12-12 01:00:00+00:00,,,,,,
2024-12-12 01:01:00+00:00,,,,,,
2024-12-12 01:02:00+00:00,,,,,,
2024-12-12 01:03:00+00:00,,,,,,
2024-12-12 01:04:00+00:00,,,,,,
2024-12-12 01:05:00+00:00,,,,,,
2024-12-12 01:06:00+00:00,,,,,,
2024-12-12 01:07:00+00:00,,,,,,
2024-12-12 01:08:00+00:00,,,,,,
2024-12-12 01:09:00+00:00,,,,,,
2024-12-12 01:10:00+00:00,,,,,,
2024-12-12 01:11:00+00:00,,,,,,
2024-12-12 01:12:00+00:00,,,,,,
2024-12-12 01:13:00+00:00,,,,,,
2024-12-12 01:14:00+00:00,,,,,,
2024-12-12 01:15:00+00:00,,,,,,
2024-12-12 01:16:00+00:00,,,,,,
2024-12-12 01:17:00+00:00,,,,,,
2024-12-12 01:18:00+00:00,,,,,,
2024-12-12 01:19:00+00:00,,,,,,
2024-12-12 01:20:00+00:00,,,,,,
2024-12-12 01:21:00+00:00,,,,,,
2024-12-12 01:22:00+00:00,,,,,,
2024-12-12 01:23:00+00:00,,,,,,
2024-12-12 01:24:00+00:00,,,,,,
2024-12-12 01:25:00+00:00,,,,,,
2024-12-12 01:26:00+00:00,,,,,,
2024-12-12 01:27:00+00:00,,,,,,
2024-12-12 01:28:00+00:00,,,,,,
2024-12-12 01:29:00+00:00,,,,,,
2024-12-12 01:30:00+00:00,,,,,,
2024-12-12 01:31:00+00:00,,,,,,
2024-12-12 01:32:00+00:00,,,,,,
2024-12-12 01:33:00+00:00,,,,,,
2024-12-12 01:34:00+00:00,,,,,,
2024-12-12 01:35:00+00:00,,,,,,
2024-12-12 01:36:00+00:00,,,,,,
2024-12-12 01:37:00+00:00,,,,,,
2024-12-12 01:38:00+00:00,,,,,,
2024-12-12 01:39:00+00:00,,,,,,
2024-12-12 01:40:00+00:00,,,,,,
2024-12-12 01:41:00+00:00,,,,,,
2024-12-12 01:42:00+00:00,,,,,,
2024-12-12 01:43:00+00:00,,,,,,
2024-12-12 01:44:00+00:00,,,,,,
2024-12-12 01:45:00+00:00,,,,,,
2024-12-12 01:46:00+00:00,,,,,,
2024-12-12 01:47:00+00:00,,,,,,
2024-12-12 01:48:00+00:00,,,,,,
2024-12-12 01:49:00+00:00,,,,,,
2024-12-12 01:50:00+00:00,,,,,,
2024-12-12 01:51:00+00:00,,,,,,
2024-12-12 01:52:00+00:00,,,,,,
2024-12-12 01:53:00+00:00,,,,,,
2024-12-12 01:54:00+00:00,,,,,,
2024-12-12 01:55:00+00:00,,,,,,
2024-12-12 01:56:00+00:00,,,,,,
2024-12-12 01:57:00+00:00,,,,,,
2024-12-12 01:58:00+00:00,,,,,,
2024-12-12 01:59:00+00:00,,,,,,
2024-12-12 02:00:00+00:00,,,,,,
2024-12-12 02:01:00+00:00,,,,,,
2024-12-12 02:02:00+00:00,,,,,,
2024-12-12 02:03:00+00:00,,,,,,
2024-12-12 02:04:00+00:00,,,,,,
2024-12-12 02:05:00+00:00,,,,,,
2024-12-12 02:06:00+00:00,,,,,,
2024-12-12 02:07:00+00:00,,,,,,
2024-12-12 02:08:00+00:00,,,,,,
2024-12-12 02:09:00+00:00,,,,,,
2024-12-12 02:10:00+00:00,,,,,,
2024-12-12 02:11:00+00:00,,,,,,
2024-12-12 02:12:00+00:00,,,,,,
2024-12-12 02:13:00+00:00,,,,,,
2024-12-12 02:14:00+00:00,,,,,,
2024-12-12 02:15:00+00:00,,,,,,
2024-12-12 02:16:00+00:00,,,,,,
2024-12-12 02:17:00+00:00,,,,,,
2024-12-12 02:18:00+00:00,,,,,,
2024-12-12 02:19:00+00:00,,,,,,
2024-12-12 02:20:00+00:00,,,,,,
2024-12-12 02:21:00+00:00,,,,,,
2024-12-12 02:22:00+00:00,,,,,,
2024-12-12 02:23:00+00:00,,,,,,
2024-12-12 02:24:00+00:00,,,,,,
2024-12-12 02:25:00+00:00,,,,,,
2024-12-12 02:26:00+00:00,,,,,,
2024-12-12 02:27:00+00:00,,,,,,
2024-12-12 02:28:00+00:00,,,,,,
2024-12-12 02:29:00+00:00,,,,,,
2024-12-12 02:30:00+00:00,,,,,,
2024-12-12 02:31:00+00:00,,,,,,
2024-12-12 02:32:00+00:00,,,,,,
2024-12-12 02:33:00+00:00,,,,,,
2024-12-12 02:34:00+00:00,,,,,,
2024-12-12 02:35:00+00:00,,,,,,
2024-12-12 02:36:00+00:00,,,,,,
2024-12-12 02:37:00+00:00,,,,,,
2024-12-12 02:38:00+00:00,,,,,,
2024-12-12 02:39:00+00:00,,,,,,
2024-12-12 02:40:00+00:00,,,,,,
2024-12-12 02:41:00+00:00,,,,,,
2024-12-12 02:42:00+00:00,,,,,,
2024-12-12 02:43:00+00:00,,,,,,
2024-12-12 02:44:00+00:00,,,,,,
2024-12-12 02:45:00+00:00,,,,,,
2024-12-12 02:46:00+00:00,,,,,,
2024-12-12 02:47:00+00:00,,,,,,
2024-12-12 02:48:00+00:00,,,,,,
2024-12-12 02:49:00+00:00,,,,,,
2024-12-12 02:50:00+00:00,,,,,,
2024-12-12 02:51:00+00:00,,,,,,
2024-12-12 02:52:00+00:00,,,,,,
2024-12-12 02:53:00+00:00,,,,,,
2024-12-12 02:54:00+00:00,,,,,,
2024-12-12 02:55:00+00:00,,,,,,
2024-12-12 02:56:00+00:00,,,,,,
2024-12-12 02:57:00+00:00,,,,,,
2024-12-12 02:58:00+00:00,,,,,,
2024-12-12 02:59:00+00:00,,,,,,
2024-12-12 03:00:00+00:00,,,,,,
2024-12-12 03:01:00+00:00,,,,,,
2024-12-12 03:02:00+00:00,,,,,,
2024-12-12 03:03:00+00:00,,,,,,
2024-12-12 03:04:00+00:00,,,,,,
2024-12-12 03:05:00+00:00,,,,,,
2024-12-12 03:06:00+00:00,,,,,,
2024-12-12 03:07:00+00:00,,,,,,
2024-12-12 03:08:00+00:00,,,,,,
2024-12-12 03:09:00+00:00,,,,,,
2024-12-12 03:10:00+00:00,,,,,,
2024-12-12 03:11:00+00:00,,,,,,
2024-12-12 03:12:00+00:00,,,,,,
2024-12-12 03:13:00+00:00,,,,,,
2024-12-12 03:14:00+00:00,,,,,,
2024-12-12 03:15:00+00:00,,,,,,
2024-12-12 03:16:00+00:00,,,,,,
2024-12-12 03:17:00+00:00,,,,,,
2024-12-12 03:18:00+00:00,,,,,,
2024-12-12 03:19:00+00:00,,,,,,
2024-12-12 03:20:00+00:00,,,,,,
2024-12-12 03:21:00+00:00,,,,,,
2024-12-12 03:22:00+00:00,,,,,,
2024-12-12 03:23:00+00:00,,,,,,
2024-12-12 03:24:00+00:00,,,,,,
2024-12-12 03:25:00+00:00,,,,,,
2024-12-12 03:26:00+00:00,,,,,,
2024-12-12 03:27:00+00:00,,,,,,
2024-12-12 03:28:00+00:00,,,,,,
2024-12-12 03:29:00+00:00,,,,,,
2024-12-12 03:30:00+00:00,,,,,,
2024-12-12 03:31:00+00:00,,,,,,
2024-12-12 03:32:00+00:00,,,,,,
2024-12-12 03:33:00+00:00,,,,,,
2024-12-12 03:34:00+00:00,,,,,,
2024-12-12 03:35:00+00:00,,,,,,
2024-12-12 03:36:00+00:00,,,,,,
2024-12-12 03:37:00+00:00,,,,,,
2024-12-12 03:38:00+00:00,,,,,,
2024-12-12 03:39:00+00:00,,,,,,
2024-12-12 03:40:00+00:00,,,,,,
2024-12-12 03:41:00+00:00,,,,,,
2024-12-12 03:42:00+00:00,,,,,,
2024-12-12 03:43:00+00:00,,,,,,
2024-12-12 03:44:00+00:00,,,,,,
2024-12-12 03:45:00+00:00,,,,,,
2024-12-12 03:46:00+00:00,,,,,,
2024-12-12 03:47:00+00:00,,,,,,
2024-12-12 03:48:00+00:00,,,,,,
2024-12-12 03:49:00+00:00,,,,,,
2024-12-12 03:50:00+00:00,,,,,,
2024-12-12 03:51:00+00:00,,,,,,
2024-12-12 03:52:00+00:00,,,,,,
2024-12-12 03:53:00+00:00,,,,,,
2024-12-12 03:54:00+00:00,,,,,,
2024-12-12 03:55:00+00:00,,,,,,
2024-12-12 03:56:00+00:00,,,,,,
2024-12-12 03:57:00+00:00,,,,,,
2024-12-12 03:58:00+00:00,,,,,,
2024-12-12 03:59:00+00:00,,,,,,
2024-12-12 04:00:00+00:00,,,,,,
2024-12-12 04:01:00+00:00,,,,,,
2024-12-12 04:02:00+00:00,,,,,,
2024-12-12 04:03:00+00:00,,,,,,
2024-12-12 04:04:00+00:00,,,,,,
2024-12-12 04:05:00+00:00,,,,,,
2024-12-12 04:06:00+00:00,,,,,,
2024-12-12 04:07:00+00:00,,,,,,
2024-12-12 04:08:00+00:00,,,,,,
2024-12-12 04:09:00+00:00,,,,,,
2024-12-12 04:10:00+00:00,,,,,,
2024-12-12 04:11:00+00:00,,,,,,
2024-12-12 04:12:00+00:00,,,,,,
2024-12-12 04:13:00+00:00,,,,,,
2024-12-12 04:14:00+00:00,,,,,,
2024-12-12 04:15:00+00:00,,,,,,
2024-12-12 04:16:00+00:00,,,,,,
2024-12-12 04:17:00+00:00,,,,,,
2024-12-12 04:18:00+00:00,,,,,,
2024-12-12 04:19:00+00:00,,,,,,
2024-12-12 04:20:00+00:00,,,,,,
2024-12-12 04:21:00+00:00,,,,,,
2024-12-12 04:22:00+00:00,,,,,,
2024-12-12 04:23:00+00:00,,,,,,
2024-12-12 04:24:00+00:00,,,,,,
2024-12-12 04:25:00+00:00,,,,,,
2024-12-12 04:26:00+00:00,,,,,,
2024-12-12 04:27:00+00:00,,,,,,
2024-12-12 04:28:00+00:00,,,,,,
2024-12-12 04:29:00+00:00,,,,,,
2024-12-12 04:30:00+00:00,,,,,,
2024-12-12 04:31:00+00:00,,,,,,
2024-12-12 04:32:00+00:00,,,,,,
2024-12-12 04:33:00+00:00,,,,,,
2024-12-12 04:34:00+00:00,,,,,,
2024-12-12 04:35:00+00:00,,,,,,
2024-12-12 04:36:00+00:00,,,,,,
2024-12-12 04:37:00+00:00,,,,,,
2024-12-12 04:38:00+00:00,,,,,,
2024-12-12 04:39:00+00:00,,,,,,
2024-12-12 04:40:00+00:00,,,,,,
2024-12-12 04:41:00+00:00,,,,,,
2024-12-12 04:42:00+00:00,,,,,,
2024-12-12 04:43:00+00:00,,,,,,
2024-12-12 04:44:00+00:00,,,,,,
2024-12-12 04:45:00+00:00,,,,,,
2024-12-12 04:46:00+00:00,,,,,,
2024-12-12 04:47:00+00:00,,,,,,
2024-12-12 04:48:00+00:00,,,,,,
2024-12-12 04:49:00+00:00,,,,,,
2024-12-12 04:50:00+00:00,,,,,,
2024-12-12 04:51:00+00:00,,,,,,
2024-12-12 04:52:00+00:00,,,,,,
2024-12-12 04:53:00+00:00,,,,,,
2024-12-12 04:54:00+00:00,,,,,,
2024-12-12 04:55:00+00:00,,,,,,
2024-12-12 04:56:00+00:00,,,,,,
2024-12-12 04:57:00+00:00,,,,,,
2024-12-12 04:58:00+00:00,,,,,,
